-- MySQL dump 10.13  Distrib 8.0.33, for Win64 (x86_64)
--
-- Host: 202.191.56.11    Database: hustappuser
-- ------------------------------------------------------
-- Server version	8.0.36

/*!40101 SET @OLD_CHARACTER_SET_CLIENT=@@CHARACTER_SET_CLIENT */;
/*!40101 SET @OLD_CHARACTER_SET_RESULTS=@@CHARACTER_SET_RESULTS */;
/*!40101 SET @OLD_COLLATION_CONNECTION=@@COLLATION_CONNECTION */;
/*!50503 SET NAMES utf8 */;
/*!40103 SET @OLD_TIME_ZONE=@@TIME_ZONE */;
/*!40103 SET TIME_ZONE='+00:00' */;
/*!40014 SET @OLD_UNIQUE_CHECKS=@@UNIQUE_CHECKS, UNIQUE_CHECKS=0 */;
/*!40014 SET @OLD_FOREIGN_KEY_CHECKS=@@FOREIGN_KEY_CHECKS, FOREIGN_KEY_CHECKS=0 */;
/*!40101 SET @OLD_SQL_MODE=@@SQL_MODE, SQL_MODE='NO_AUTO_VALUE_ON_ZERO' */;
/*!40111 SET @OLD_SQL_NOTES=@@SQL_NOTES, SQL_NOTES=0 */;

--
-- Table structure for table `answer`
--

DROP TABLE IF EXISTS `answer`;
/*!40101 SET @saved_cs_client     = @@character_set_client */;
/*!50503 SET character_set_client = utf8mb4 */;
CREATE TABLE `answer` (
  `answer_id` bigint NOT NULL AUTO_INCREMENT,
  `created_by` varchar(255) DEFAULT NULL,
  `created_date` datetime(6) DEFAULT NULL,
  `modified_by` varchar(255) DEFAULT NULL,
  `modified_date` datetime(6) DEFAULT NULL,
  `content` varchar(255) DEFAULT NULL,
  `image_location` varchar(255) DEFAULT NULL,
  `is_correct` bit(1) NOT NULL,
  `video_location` varchar(255) DEFAULT NULL,
  `question_id` bigint DEFAULT NULL,
  PRIMARY KEY (`answer_id`),
  KEY `FK8frr4bcabmmeyyu60qt7iiblo` (`question_id`),
  CONSTRAINT `FK8frr4bcabmmeyyu60qt7iiblo` FOREIGN KEY (`question_id`) REFERENCES `question` (`question_id`)
) ENGINE=InnoDB AUTO_INCREMENT=58 DEFAULT CHARSET=utf8mb4 COLLATE=utf8mb4_0900_ai_ci;
/*!40101 SET character_set_client = @saved_cs_client */;

--
-- Dumping data for table `answer`
--

LOCK TABLES `answer` WRITE;
/*!40000 ALTER TABLE `answer` DISABLE KEYS */;
INSERT INTO `answer` VALUES (1,'phamquynhltbn12@gmail.com','2024-04-08 10:24:14.873000','phamquynhltbn12@gmail.com','2024-04-08 10:24:14.873000','Con cá','https://wetalk.ibme.edu.vn/upload/vocabularies//0119_con%20c%C3%A1.jpg',_binary '','https://wetalk.ibme.edu.vn/upload/vocabularies//0119_con%20c%C3%A1.mp4',1),(2,'phamquynhltbn12@gmail.com','2024-04-08 10:24:14.876000','phamquynhltbn12@gmail.com','2024-04-08 10:24:14.876000','Con chim','https://wetalk.ibme.edu.vn/upload/vocabularies//0121_con%20chim.gif',_binary '\0','https://wetalk.ibme.edu.vn/upload/vocabularies//0121_con%20chim.mp4',1),(33,'phamquynhltbn12@gmail.com','2024-05-02 14:10:06.124000','phamquynhltbn12@gmail.com','2024-05-02 14:10:06.124000','Đúng',NULL,_binary '',NULL,3),(34,'phamquynhltbn12@gmail.com','2024-05-02 14:10:06.125000','phamquynhltbn12@gmail.com','2024-05-02 14:10:06.125000','Sai',NULL,_binary '\0',NULL,3),(35,'phamquynhltbn12@gmail.com','2024-05-02 14:10:06.126000','phamquynhltbn12@gmail.com','2024-05-02 14:10:06.126000','maybe',NULL,_binary '\0',NULL,3),(36,'phamquynhltbn12@gmail.com','2024-05-02 14:10:36.552000','phamquynhltbn12@gmail.com','2024-05-02 14:10:36.552000','Đúng',NULL,_binary '',NULL,4),(37,'phamquynhltbn12@gmail.com','2024-05-02 14:10:36.553000','phamquynhltbn12@gmail.com','2024-05-02 14:10:36.553000','Sai',NULL,_binary '\0',NULL,4),(38,'phamquynhltbn12@gmail.com','2024-05-02 14:10:36.554000','phamquynhltbn12@gmail.com','2024-05-02 14:10:36.554000','maybe',NULL,_binary '\0',NULL,4),(39,'phamquynhltbn12@gmail.com','2024-05-02 14:12:00.999000','phamquynhltbn12@gmail.com','2024-05-02 14:12:00.999000','Nước',NULL,_binary '',NULL,5),(40,'phamquynhltbn12@gmail.com','2024-05-02 14:12:01.000000','phamquynhltbn12@gmail.com','2024-05-02 14:12:01.000000','Cạn',NULL,_binary '\0',NULL,5),(41,'phamquynhltbn12@gmail.com','2024-05-02 14:12:01.001000','phamquynhltbn12@gmail.com','2024-05-02 14:12:01.001000','Trên trời',NULL,_binary '\0',NULL,5),(42,'truong8dt@gmail.com','2024-05-02 14:35:51.217000','truong8dt@gmail.com','2024-05-02 14:35:51.217000','Cá','',_binary '','',6),(43,'truong8dt@gmail.com','2024-05-02 14:35:51.218000','truong8dt@gmail.com','2024-05-02 14:35:51.218000','Chim','',_binary '\0','',6),(44,'truong8dt@gmail.com','2024-05-02 14:35:51.219000','truong8dt@gmail.com','2024-05-02 14:35:51.219000','Bò','',_binary '\0','',6),(45,'truong8dt@gmail.com','2024-05-02 14:35:51.221000','truong8dt@gmail.com','2024-05-02 14:35:51.221000','Chó','',_binary '\0','',6),(46,'hoangquanghuy@gmail.com','2024-05-14 15:39:45.303000','hoangquanghuy@gmail.com','2024-05-14 15:39:45.303000','con bê','',_binary '','',7),(47,'hoangquanghuy@gmail.com','2024-05-14 15:39:45.305000','hoangquanghuy@gmail.com','2024-05-14 15:39:45.305000','con gà','',_binary '\0','',7),(48,'hoangquanghuy@gmail.com','2024-05-14 15:39:45.307000','hoangquanghuy@gmail.com','2024-05-14 15:39:45.307000','con hổ','',_binary '\0','',7),(49,'hoangquanghuy@gmail.com','2024-05-14 15:39:45.308000','hoangquanghuy@gmail.com','2024-05-14 15:39:45.308000','con cá','',_binary '\0','',7),(50,'hoangquanghuy@gmail.com','2024-05-23 02:50:18.837000','hoangquanghuy@gmail.com','2024-05-23 02:50:18.837000','con mèo','',_binary '','',8),(51,'hoangquanghuy@gmail.com','2024-05-23 02:50:18.844000','hoangquanghuy@gmail.com','2024-05-23 02:50:18.844000','con chim','',_binary '\0','',8),(52,'hoangquanghuy@gmail.com','2024-05-23 02:50:18.845000','hoangquanghuy@gmail.com','2024-05-23 02:50:18.845000','con cò','',_binary '\0','',8),(53,'hoangquanghuy@gmail.com','2024-05-23 02:50:18.846000','hoangquanghuy@gmail.com','2024-05-23 02:50:18.846000','con sóc','',_binary '\0','',8),(54,'hoangquanghuy@gmail.com','2024-05-23 02:51:17.265000','hoangquanghuy@gmail.com','2024-05-23 02:51:17.265000','con chuột','',_binary '','',9),(55,'hoangquanghuy@gmail.com','2024-05-23 02:51:17.266000','hoangquanghuy@gmail.com','2024-05-23 02:51:17.266000','con mèo','',_binary '\0','',9),(56,'hoangquanghuy@gmail.com','2024-05-23 02:51:17.267000','hoangquanghuy@gmail.com','2024-05-23 02:51:17.267000','con chó','',_binary '\0','',9),(57,'hoangquanghuy@gmail.com','2024-05-23 02:51:17.268000','hoangquanghuy@gmail.com','2024-05-23 02:51:17.268000','con sóc','',_binary '\0','',9);
/*!40000 ALTER TABLE `answer` ENABLE KEYS */;
UNLOCK TABLES;

--
-- Table structure for table `class_room`
--

DROP TABLE IF EXISTS `class_room`;
/*!40101 SET @saved_cs_client     = @@character_set_client */;
/*!50503 SET character_set_client = utf8mb4 */;
CREATE TABLE `class_room` (
  `class_room_id` bigint NOT NULL AUTO_INCREMENT,
  `created_by` varchar(255) DEFAULT NULL,
  `created_date` datetime(6) DEFAULT NULL,
  `modified_by` varchar(255) DEFAULT NULL,
  `modified_date` datetime(6) DEFAULT NULL,
  `content` varchar(255) DEFAULT NULL,
  `image_location` varchar(255) DEFAULT NULL,
  PRIMARY KEY (`class_room_id`)
) ENGINE=InnoDB AUTO_INCREMENT=13 DEFAULT CHARSET=utf8mb4 COLLATE=utf8mb4_0900_ai_ci;
/*!40101 SET character_set_client = @saved_cs_client */;

--
-- Dumping data for table `class_room`
--

LOCK TABLES `class_room` WRITE;
/*!40000 ALTER TABLE `class_room` DISABLE KEYS */;
INSERT INTO `class_room` VALUES (1,'phamquynhltbn12@gmail.com','2024-05-30 08:42:50.185000','truong8dt@gmail.com','2024-06-02 01:18:12.328000','Lớp 1','https://wetalk.ibme.edu.vn/upload/hust-app//image.png'),(2,'phamquynhltbn12@gmail.com','2024-05-30 08:42:57.666000','phamquynhltbn12@gmail.com','2024-05-30 08:42:57.666000','Lớp 2',NULL),(4,'truong8dt@gmail.com','2024-06-02 01:19:02.991000','truong8dt@gmail.com','2024-06-02 01:19:02.991000','Lớp 3','https://wetalk.ibme.edu.vn/upload/hust-app//image.png'),(5,'truong8dt@gmail.com','2024-06-02 01:19:06.731000','truong8dt@gmail.com','2024-06-02 01:19:06.731000','Lớp 4','https://wetalk.ibme.edu.vn/upload/hust-app//image.png'),(6,'truong8dt@gmail.com','2024-06-02 01:20:07.463000','truong8dt@gmail.com','2024-06-02 01:20:07.463000','lớp 5',NULL),(7,'truong8dt@gmail.com','2024-06-02 01:21:48.030000','truong8dt@gmail.com','2024-06-02 01:21:48.030000','lớp 5',NULL),(8,'truong8dt@gmail.com','2024-06-02 01:21:59.054000','truong8dt@gmail.com','2024-06-02 01:21:59.054000','Lớp 6','https://wetalk.ibme.edu.vn/upload/hust-app//image.png'),(9,'truong8dt@gmail.com','2024-06-02 01:22:04.876000','truong8dt@gmail.com','2024-06-02 01:22:04.876000','Lớp 7',NULL),(10,'truong8dt@gmail.com','2024-06-02 01:22:12.117000','truong8dt@gmail.com','2024-06-02 01:22:12.117000','Lớp 8',NULL),(11,'truong8dt@gmail.com','2024-06-02 01:22:16.513000','truong8dt@gmail.com','2024-06-02 01:22:16.513000','Lớp 9',NULL),(12,'truong8dt@gmail.com','2024-06-02 01:22:23.771000','truong8dt@gmail.com','2024-06-02 01:22:23.771000','Lớp 10',NULL);
/*!40000 ALTER TABLE `class_room` ENABLE KEYS */;
UNLOCK TABLES;

--
-- Table structure for table `contact`
--

DROP TABLE IF EXISTS `contact`;
/*!40101 SET @saved_cs_client     = @@character_set_client */;
/*!50503 SET character_set_client = utf8mb4 */;
CREATE TABLE `contact` (
  `contact_id` bigint NOT NULL AUTO_INCREMENT,
  `created_by` varchar(255) DEFAULT NULL,
  `created_date` datetime(6) DEFAULT NULL,
  `modified_by` varchar(255) DEFAULT NULL,
  `modified_date` datetime(6) DEFAULT NULL,
  `avatar_location` varchar(255) DEFAULT NULL,
  `email` varchar(255) DEFAULT NULL,
  `name` varchar(255) DEFAULT NULL,
  PRIMARY KEY (`contact_id`)
) ENGINE=InnoDB AUTO_INCREMENT=29 DEFAULT CHARSET=utf8mb4 COLLATE=utf8mb4_0900_ai_ci;
/*!40101 SET character_set_client = @saved_cs_client */;

--
-- Dumping data for table `contact`
--

LOCK TABLES `contact` WRITE;
/*!40000 ALTER TABLE `contact` DISABLE KEYS */;
INSERT INTO `contact` VALUES (1,'anonymousUser','2024-04-08 10:04:56.568000','anonymousUser','2024-04-08 15:43:39.415000','https://wetalk.ibme.edu.vn/upload/hust-app//pvq.jpg','phamquynhltbn12@gmail.com','Phạm Văn Quỳnh ltbn'),(2,'anonymousUser','2024-04-08 10:16:07.370000','anonymousUser','2024-04-08 10:16:07.370000',NULL,'quynh12712053@gmail.com','Phạm Văn Quỳnh 127'),(3,'anonymousUser','2024-04-08 10:17:30.919000','anonymousUser','2024-04-08 10:17:30.919000',NULL,'quynh171217@gmail.com','Pham Van Quynh 17'),(4,'anonymousUser','2024-04-08 12:21:15.962000','anonymousUser','2024-05-22 15:12:13.955000','https://wetalk.ibme.edu.vn/upload/hust-app//image.png','truong8dt@gmail.com','Nguyễn Văn Trường'),(5,'anonymousUser','2024-04-08 12:22:35.137000','anonymousUser','2024-05-22 14:08:16.476000','https://wetalk.ibme.edu.vn/upload/hust-app//Banner%20Khuye%CC%82%CC%81n%20Ma%CC%83i%20Te%CC%82%CC%81t.png','truongnguyenduc935@gmail.com','Nguyễn Văn Minh'),(6,'anonymousUser','2024-04-08 14:25:46.532000','anonymousUser','2024-04-09 08:28:15.830000','https://wetalk.ibme.edu.vn/upload/media-general//1000000037.jpg','doanhtv2759@gmail.com','Doanh'),(7,'anonymousUser','2024-04-08 15:55:43.505000','anonymousUser','2024-04-08 15:55:43.505000',NULL,'hoangquanghuy@gmail.com','Hoàng Huy'),(8,'anonymousUser','2024-04-11 04:48:45.050000','anonymousUser','2024-04-16 15:08:04.664000','https://wetalk.ibme.edu.vn/upload/media-general//9d9e23b9802028befafb052f7c2af883.jpg','vdoanh301@gmail.com','DoanhPro'),(10,'anonymousUser','2024-04-13 02:14:21.899000','anonymousUser','2024-04-13 02:14:21.899000',NULL,'chuyenp32@gmail.com','chuyen'),(11,'anonymousUser','2024-04-13 02:30:55.332000','anonymousUser','2024-04-13 02:30:55.332000',NULL,'phamdoan060801@gmail.com','chuyendz'),(12,'anonymousUser','2024-04-15 11:31:34.015000','anonymousUser','2024-04-15 11:31:34.015000',NULL,'hqhuy.bme@gmail.com','Hoàng Huy BME'),(13,'anonymousUser','2024-05-04 04:27:33.903000','anonymousUser','2024-05-04 04:30:20.015000','https://wetalk.ibme.edu.vn/upload/media-general//1000000339.jpg','vunhatlinh04092001@gmail.com','Linh K'),(20,'anonymousUser','2024-05-18 09:01:31.070000','anonymousUser','2024-05-18 09:01:31.070000',NULL,'testwesignew@yopmail.com','nguyễn Văn A'),(21,'anonymousUser','2024-05-19 16:57:39.464000','anonymousUser','2024-05-19 16:57:39.464000','string','string','string'),(22,'anonymousUser','2024-05-19 16:58:03.575000','anonymousUser','2024-05-19 16:58:03.575000','string','chuyenp32@gmail.com','chuyen'),(23,'chuyenp32@gmail.com','2024-05-19 17:07:50.008000','chuyenp32@gmail.com','2024-05-19 17:07:50.008000',NULL,'chuyenp32@gmail.com','chuyen'),(24,'chuyenp32@gmail.com','2024-05-19 17:08:13.502000','chuyenp32@gmail.com','2024-05-19 17:08:13.502000',NULL,'phamdoan060801@gmail.com','chuyen'),(25,'chuyenp32@gmail.com','2024-05-22 04:04:35.698000','chuyenp32@gmail.com','2024-05-22 04:04:35.698000',NULL,'phamdoan060801@gmail.com','chuyen'),(26,'anonymousUser','2024-05-23 06:23:10.667000','anonymousUser','2024-05-23 06:23:10.667000',NULL,'vutuananh25082000@gmail.com','Vũ Tuấn Anh'),(27,'anonymousUser','2024-05-25 02:22:16.731000','anonymousUser','2024-05-25 02:22:16.731000',NULL,'minhnguyen123@yopmail.com','Nguyễn Văn Minh'),(28,'anonymousUser','2024-06-01 03:02:26.325000','anonymousUser','2024-06-01 03:02:26.325000',NULL,'2004hoangcuc@gmail.com','Hoàng Cúc');
/*!40000 ALTER TABLE `contact` ENABLE KEYS */;
UNLOCK TABLES;

--
-- Table structure for table `conversation`
--

DROP TABLE IF EXISTS `conversation`;
/*!40101 SET @saved_cs_client     = @@character_set_client */;
/*!50503 SET character_set_client = utf8mb4 */;
CREATE TABLE `conversation` (
  `conversation_id` bigint NOT NULL AUTO_INCREMENT,
  `created_by` varchar(255) DEFAULT NULL,
  `created_date` datetime(6) DEFAULT NULL,
  `modified_by` varchar(255) DEFAULT NULL,
  `modified_date` datetime(6) DEFAULT NULL,
  `conversation_name` varchar(255) DEFAULT NULL,
  `conversation_type` enum('GROUP','SINGLE') DEFAULT NULL,
  PRIMARY KEY (`conversation_id`)
) ENGINE=InnoDB AUTO_INCREMENT=25 DEFAULT CHARSET=utf8mb4 COLLATE=utf8mb4_0900_ai_ci;
/*!40101 SET character_set_client = @saved_cs_client */;

--
-- Dumping data for table `conversation`
--

LOCK TABLES `conversation` WRITE;
/*!40000 ALTER TABLE `conversation` DISABLE KEYS */;
INSERT INTO `conversation` VALUES (1,'phamquynhltbn12@gmail.com','2024-04-08 10:18:31.698000','phamquynhltbn12@gmail.com','2024-04-08 10:18:31.698000','phamquynhltbn12@gmail.com_phamquynhltbn12@gmail.com','SINGLE'),(2,'truong8dt@gmail.com','2024-04-08 12:22:56.898000','truong8dt@gmail.com','2024-04-08 12:22:56.898000','truong8dt@gmail.com_truong8dt@gmail.com','SINGLE'),(3,'doanhtv2759@gmail.com','2024-04-08 15:27:59.658000','doanhtv2759@gmail.com','2024-04-08 15:27:59.658000','doanhtv2759@gmail.com_doanhtv2759@gmail.com','SINGLE'),(4,'hoangquanghuy@gmail.com','2024-04-10 01:56:46.426000','hoangquanghuy@gmail.com','2024-04-10 01:56:46.426000','hoangquanghuy@gmail.com_hoangquanghuy@gmail.com','SINGLE'),(5,'hoangquanghuy@gmail.com','2024-04-10 01:57:08.324000','hoangquanghuy@gmail.com','2024-04-10 01:57:08.324000','hoangquanghuy@gmail.com_hoangquanghuy@gmail.com','SINGLE'),(6,'vdoanh301@gmail.com','2024-04-11 04:49:42.036000','vdoanh301@gmail.com','2024-04-11 04:49:42.036000','vdoanh301@gmail.com_vdoanh301@gmail.com','SINGLE'),(7,'doanhtv2759@gmail.com','2024-04-14 13:48:39.993000','doanhtv2759@gmail.com','2024-04-14 13:48:39.993000','doanhtv2759@gmail.com_doanhtv2759@gmail.com','SINGLE'),(8,'doanhtv2759@gmail.com','2024-04-14 13:48:46.079000','doanhtv2759@gmail.com','2024-04-14 13:48:46.079000','doanhtv2759@gmail.com_doanhtv2759@gmail.com','SINGLE'),(9,'doanhtv2759@gmail.com','2024-04-14 13:49:23.657000','doanhtv2759@gmail.com','2024-04-14 13:49:23.657000','doanhtv2759@gmail.com_doanhtv2759@gmail.com','SINGLE'),(10,'doanhtv2759@gmail.com','2024-04-14 13:49:29.167000','doanhtv2759@gmail.com','2024-04-14 13:49:29.167000','doanhtv2759@gmail.com_doanhtv2759@gmail.com','SINGLE'),(11,'doanhtv2759@gmail.com','2024-04-14 13:49:37.321000','doanhtv2759@gmail.com','2024-04-14 13:49:37.321000','doanhtv2759@gmail.com_doanhtv2759@gmail.com','SINGLE'),(12,'phamquynhltbn12@gmail.com','2024-04-15 03:29:58.986000','phamquynhltbn12@gmail.com','2024-04-15 03:29:58.986000','phamquynhltbn12@gmail.com_phamquynhltbn12@gmail.com','SINGLE'),(13,'phamquynhltbn12@gmail.com','2024-04-15 03:30:05.170000','phamquynhltbn12@gmail.com','2024-04-15 03:30:05.170000','phamquynhltbn12@gmail.com_phamquynhltbn12@gmail.com','SINGLE'),(14,'phamquynhltbn12@gmail.com','2024-04-17 03:48:45.790000','phamquynhltbn12@gmail.com','2024-04-17 03:48:45.790000','phamquynhltbn12@gmail.com_phamquynhltbn12@gmail.com','SINGLE'),(15,'chuyenp32@gmail.com','2024-05-22 04:11:29.971000','chuyenp32@gmail.com','2024-05-22 04:11:29.971000','chuyendz','SINGLE'),(16,'chuyenp32@gmail.com','2024-05-22 04:13:25.685000','chuyenp32@gmail.com','2024-05-22 04:13:25.685000','chuyendz','SINGLE'),(17,'chuyenp32@gmail.com','2024-05-23 15:16:54.396000','chuyenp32@gmail.com','2024-05-23 15:16:54.396000','chuyendz','SINGLE'),(18,'truongnguyenduc935@gmail.com','2024-05-26 15:41:28.436000','truongnguyenduc935@gmail.com','2024-05-26 15:41:28.436000','truongnguyenduc935@gmail.com_truongnguyenduc935@gmail.com','SINGLE'),(19,'truong8dt@gmail.com','2024-05-26 15:45:04.038000','truong8dt@gmail.com','2024-05-26 15:45:04.038000','truong8dt@gmail.com_truong8dt@gmail.com','SINGLE'),(20,'truong8dt@gmail.com','2024-05-26 16:01:09.481000','truong8dt@gmail.com','2024-05-26 16:01:09.481000','truong8dt@gmail.com_truong8dt@gmail.com','SINGLE'),(21,'truongnguyenduc935@gmail.com','2024-05-26 16:03:38.368000','truongnguyenduc935@gmail.com','2024-05-26 16:03:38.368000','truongnguyenduc935@gmail.com_truongnguyenduc935@gmail.com','SINGLE'),(22,'truong8dt@gmail.com','2024-05-26 16:09:39.228000','truong8dt@gmail.com','2024-05-26 16:09:39.228000','truong8dt@gmail.com_truong8dt@gmail.com','SINGLE'),(23,'truong8dt@gmail.com','2024-06-01 02:50:56.584000','truong8dt@gmail.com','2024-06-01 02:50:56.584000','truong8dt@gmail.com_truong8dt@gmail.com','SINGLE'),(24,'chuyenp32@gmail.com','2024-06-01 10:08:45.268000','chuyenp32@gmail.com','2024-06-01 10:08:45.268000','string','SINGLE');
/*!40000 ALTER TABLE `conversation` ENABLE KEYS */;
UNLOCK TABLES;

--
-- Table structure for table `data_collection`
--

DROP TABLE IF EXISTS `data_collection`;
/*!40101 SET @saved_cs_client     = @@character_set_client */;
/*!50503 SET character_set_client = utf8mb4 */;
CREATE TABLE `data_collection` (
  `data_collection_id` bigint NOT NULL AUTO_INCREMENT,
  `volunteer_email` varchar(255) DEFAULT NULL,
  `created_date` datetime(6) DEFAULT NULL,
  `modified_by` varchar(255) DEFAULT NULL,
  `modified_date` datetime(6) DEFAULT NULL,
  `admin_email` varchar(255) DEFAULT NULL,
  `data_location` varchar(255) DEFAULT NULL,
  `feed_back` varchar(255) DEFAULT NULL,
  `score` float NOT NULL,
  `status` int NOT NULL,
  `vocabulary_id` bigint DEFAULT NULL,
  `created_by` varchar(255) DEFAULT NULL,
  PRIMARY KEY (`data_collection_id`),
  KEY `FKlp6aat9pduh93prfhiykbv1r5` (`vocabulary_id`),
  CONSTRAINT `FKlp6aat9pduh93prfhiykbv1r5` FOREIGN KEY (`vocabulary_id`) REFERENCES `vocabulary` (`vocabulary_id`)
) ENGINE=InnoDB AUTO_INCREMENT=28 DEFAULT CHARSET=utf8mb4 COLLATE=utf8mb4_0900_ai_ci;
/*!40101 SET character_set_client = @saved_cs_client */;

--
-- Dumping data for table `data_collection`
--

LOCK TABLES `data_collection` WRITE;
/*!40000 ALTER TABLE `data_collection` DISABLE KEYS */;
INSERT INTO `data_collection` VALUES (1,'anonymousUser','2024-04-15 11:48:00.955000','truong8dt@gmail.com','2024-04-16 15:56:26.681000','hoangquanghuy@gmail.com','https://wetalk.ibme.edu.vn/upload/data-collection//IMG_20240406_155500_1.jpg','',6.5,300,NULL,NULL),(2,'hqhuy.bme@gmail.com','2024-04-15 12:33:41.523000','truong8dt@gmail.com','2024-04-16 15:56:26.682000','hoangquanghuy@gmail.com','https://wetalk.ibme.edu.vn/upload/data-collection//Screenshot_20240415-184831.png','',6.5,300,NULL,NULL),(3,'hqhuy.bme@gmail.com','2024-04-15 12:33:41.533000','truong8dt@gmail.com','2024-04-16 15:56:26.682000','hoangquanghuy@gmail.com','https://wetalk.ibme.edu.vn/upload/data-collection//Screenshot_20240415-184831.png','',1,300,NULL,NULL),(4,'truong8dt@gmail.com','2024-04-16 15:40:27.803000','truong8dt@gmail.com','2024-04-16 16:14:48.331000','truong8dt@gmail.com','https://wetalk.ibme.edu.vn/upload/hust-app//captured_image_1713282027058.jpg','Lỗi',5,300,9,NULL),(5,'truong8dt@gmail.com','2024-04-16 16:17:03.644000','truong8dt@gmail.com','2024-04-16 16:17:22.387000','truong8dt@gmail.com','https://wetalk.ibme.edu.vn/upload/hust-app//volunteer_con%20b%C3%B2_1713284217403.mp4','Sai tay',6,300,72,NULL),(6,'hoangquanghuy@gmail.com','2024-04-17 03:17:04.478000','hoangquanghuy@gmail.com','2024-04-19 06:25:52.062000','hoangquanghuy@gmail.com','https://wetalk.ibme.edu.vn/upload/hust-app//volunteer_con%20b%C3%B2_1713323819092.mp4','',4,300,72,NULL),(7,'phamquynhltbn12@gmail.com','2024-04-17 03:19:22.605000','phamquynhltbn12@gmail.com','2024-04-17 14:12:32.344000','phamquynhltbn12@gmail.com','https://wetalk.ibme.edu.vn/upload/hust-app//captured_image_1713323961545.jpg','',2,300,74,NULL),(8,'hqhuy.bme@gmail.com','2024-04-17 04:13:22.706000','phamquynhltbn12@gmail.com','2024-04-17 13:59:15.130000','phamquynhltbn12@gmail.com','https://wetalk.ibme.edu.vn/upload/data-collection//VID_20240417_111314_948.mp4','',2,300,72,NULL),(9,'hqhuy.bme@gmail.com','2024-04-17 04:13:44.477000','hoangquanghuy@gmail.com','2024-04-19 06:25:44.443000','hoangquanghuy@gmail.com','https://wetalk.ibme.edu.vn/upload/data-collection//VID_20240417_111314_948.mp4','',8,300,72,NULL),(10,'hqhuy.bme@gmail.com','2024-04-17 04:13:44.498000','phamquynhltbn12@gmail.com','2024-04-17 13:59:09.300000','phamquynhltbn12@gmail.com','https://wetalk.ibme.edu.vn/upload/data-collection//VID_20240417_111314_948.mp4','',6,200,72,NULL),(11,'phamquynhltbn12@gmail.com','2024-04-17 14:00:44.766000','phamquynhltbn12@gmail.com','2024-04-17 14:00:56.667000','phamquynhltbn12@gmail.com','https://wetalk.ibme.edu.vn/upload/hust-app//captured_image_1713362443924.jpg','tệ',2,300,74,NULL),(12,'phamquynhltbn12@gmail.com','2024-04-17 14:11:38.345000','phamquynhltbn12@gmail.com','2024-04-17 14:12:27.626000','phamquynhltbn12@gmail.com','https://wetalk.ibme.edu.vn/upload/hust-app//captured_image_1713363097880.jpg','',2,300,74,NULL),(13,'hoangquanghuy@gmail.com','2024-04-24 06:20:24.865000','hoangquanghuy@gmail.com','2024-05-23 02:48:21.840000','hoangquanghuy@gmail.com','https://wetalk.ibme.edu.vn/upload/hust-app//volunteer_con%20ch%C3%B3_1713939598551.mp4','',1,300,70,NULL),(14,'hoangquanghuy@gmail.com','2024-04-24 06:21:43.085000','vutuananh25082000@gmail.com','2024-05-23 06:24:40.208000','vutuananh25082000@gmail.com','https://wetalk.ibme.edu.vn/upload/hust-app//volunteer_con%20b%C3%AA_1713939687277.mp4','',1,200,78,NULL),(15,'hoangquanghuy@gmail.com','2024-04-24 07:47:43.619000','vutuananh25082000@gmail.com','2024-05-23 06:24:37.409000','vutuananh25082000@gmail.com','https://wetalk.ibme.edu.vn/upload/hust-app//volunteer_con%20b%C3%AA_1713944849190.mp4','',1,200,78,NULL),(16,'hoangquanghuy@gmail.com','2024-04-24 07:48:55.468000','hoangquanghuy@gmail.com','2024-05-14 20:24:39.883000','hoangquanghuy@gmail.com','https://wetalk.ibme.edu.vn/upload/hust-app//volunteer_con%20b%C3%AA_1713944918798.mp4','',2,300,78,NULL),(17,'hoangquanghuy@gmail.com','2024-04-24 07:50:20.002000','hoangquanghuy@gmail.com','2024-05-14 20:24:36.661000','hoangquanghuy@gmail.com','https://wetalk.ibme.edu.vn/upload/hust-app//volunteer_con%20b%C3%AA_1713945010492.mp4','',2,300,78,NULL),(18,'hoangquanghuy@gmail.com','2024-04-24 07:50:37.304000','hoangquanghuy@gmail.com','2024-05-14 20:24:09.546000','hoangquanghuy@gmail.com','https://wetalk.ibme.edu.vn/upload/hust-app//volunteer_con%20b%C3%AA_1713945027359.mp4','',2,300,78,NULL),(19,'hoangquanghuy@gmail.com','2024-04-27 01:47:17.590000','hoangquanghuy@gmail.com','2024-05-14 20:24:01.997000','hoangquanghuy@gmail.com','https://wetalk.ibme.edu.vn/upload/hust-app//volunteer_con%20b%C3%AA_1714182433595.mp4','',1,300,78,NULL),(20,'phamquynhltbn12@gmail.com','2024-05-14 15:17:41.518000','hoangquanghuy@gmail.com','2024-05-23 02:47:30.477000','hoangquanghuy@gmail.com','https://wetalk.ibme.edu.vn/upload/hust-app//captured_image_1715699859598.jpg','',1,300,78,NULL),(21,'phamquynhltbn12@gmail.com','2024-05-27 14:22:38.839000','hoangquanghuy@gmail.com','2024-05-31 07:55:18.702000','hoangquanghuy@gmail.com','https://wetalk.ibme.edu.vn/upload/hust-app//captured_image_1716819757467.jpg','',1,300,78,NULL),(22,'truongnguyenduc935@gmail.com','2024-05-27 14:44:07.559000','truongnguyenduc935@gmail.com','2024-05-27 14:54:53.250000','truongnguyenduc935@gmail.com','https://wetalk.ibme.edu.vn/upload/hust-app//volunteer_con%20m%E1%BB%B1c_1716821044598.mp4','',1,300,92,NULL),(24,'phamquynhltbn12@gmail.com','2024-06-01 03:31:54.804000','phamquynhltbn12@gmail.com','2024-06-01 03:31:54.804000',NULL,'https://wetalk.ibme.edu.vn/upload/hust-app//volunteer_con%20b%C3%B2_1717212712853.mp4',NULL,0,100,72,NULL),(25,'phamquynhltbn12@gmail.com','2024-06-01 03:39:40.700000','phamquynhltbn12@gmail.com','2024-06-01 03:39:40.700000',NULL,'https://wetalk.ibme.edu.vn/upload/hust-app//volunteer_c%E1%BB%A7%20t%E1%BB%8Fi_1717213178298.mp4',NULL,0,100,97,NULL),(26,'truong8dt@gmail.com','2024-06-02 10:15:26.816000','truongnguyenduc935@gmail.com','2024-06-02 10:26:21.982000','truongnguyenduc935@gmail.com','https://wetalk.ibme.edu.vn/upload/hust-app//volunteer_con%20b%C3%B2_1717323540360.mp4','Lỗi ký hiệu',2,300,72,NULL),(27,'hoangquanghuy@gmail.com','2024-06-03 06:17:30.767000','hoangquanghuy@gmail.com','2024-06-03 06:17:30.767000',NULL,'https://wetalk.ibme.edu.vn/upload/hust-app//volunteer_con%20b%C3%AA_1717395256061.mp4',NULL,0,100,78,NULL);
/*!40000 ALTER TABLE `data_collection` ENABLE KEYS */;
UNLOCK TABLES;

--
-- Table structure for table `exam`
--

DROP TABLE IF EXISTS `exam`;
/*!40101 SET @saved_cs_client     = @@character_set_client */;
/*!50503 SET character_set_client = utf8mb4 */;
CREATE TABLE `exam` (
  `exam_id` bigint NOT NULL AUTO_INCREMENT,
  `created_by` varchar(255) DEFAULT NULL,
  `created_date` datetime(6) DEFAULT NULL,
  `modified_by` varchar(255) DEFAULT NULL,
  `modified_date` datetime(6) DEFAULT NULL,
  `is_private` bit(1) NOT NULL,
  `name` varchar(255) DEFAULT NULL,
  `topic_id` bigint DEFAULT NULL,
  PRIMARY KEY (`exam_id`),
  KEY `FKkcuey063e9q6my2rqbw3uo4ec` (`topic_id`),
  CONSTRAINT `FKkcuey063e9q6my2rqbw3uo4ec` FOREIGN KEY (`topic_id`) REFERENCES `topic` (`topic_id`)
) ENGINE=InnoDB AUTO_INCREMENT=5 DEFAULT CHARSET=utf8mb4 COLLATE=utf8mb4_0900_ai_ci;
/*!40101 SET character_set_client = @saved_cs_client */;

--
-- Dumping data for table `exam`
--

LOCK TABLES `exam` WRITE;
/*!40000 ALTER TABLE `exam` DISABLE KEYS */;
INSERT INTO `exam` VALUES (1,'phamquynhltbn12@gmail.com','2024-06-05 08:59:52.763000','phamquynhltbn12@gmail.com','2024-06-05 08:59:52.763000',_binary '\0','Baì kiểm tra chung 1',2),(2,'phamquynhltbn12@gmail.com','2024-06-05 09:00:25.248000','phamquynhltbn12@gmail.com','2024-06-05 09:00:25.248000',_binary '\0','Baì kiểm tra chung 2',2),(3,'phamquynhltbn12@gmail.com','2024-06-05 09:00:42.594000','phamquynhltbn12@gmail.com','2024-06-05 09:00:42.594000',_binary '','Baì kiểm tra riêng của Q 1',2),(4,'phamquynhltbn12@gmail.com','2024-06-05 09:00:52.060000','phamquynhltbn12@gmail.com','2024-06-05 09:00:52.060000',_binary '','Baì kiểm tra riêng của Q 2',2);
/*!40000 ALTER TABLE `exam` ENABLE KEYS */;
UNLOCK TABLES;

--
-- Table structure for table `friend_ship`
--

DROP TABLE IF EXISTS `friend_ship`;
/*!40101 SET @saved_cs_client     = @@character_set_client */;
/*!50503 SET character_set_client = utf8mb4 */;
CREATE TABLE `friend_ship` (
  `created_by` varchar(255) NOT NULL,
  `created_date` datetime(6) NOT NULL,
  `modified_by` varchar(255) DEFAULT NULL,
  `modified_date` datetime(6) DEFAULT NULL,
  `status` int NOT NULL,
  `send_friend_id` bigint NOT NULL,
  `accept_friend_id` bigint NOT NULL,
  PRIMARY KEY (`accept_friend_id`,`send_friend_id`),
  KEY `FK1aao5ce4qv11rxt2ae94ix7r0` (`send_friend_id`),
  CONSTRAINT `FK1aao5ce4qv11rxt2ae94ix7r0` FOREIGN KEY (`send_friend_id`) REFERENCES `user` (`user_id`),
  CONSTRAINT `FKg0yu0k5m1wq1yg4usf0xmyuxu` FOREIGN KEY (`accept_friend_id`) REFERENCES `user` (`user_id`)
) ENGINE=InnoDB DEFAULT CHARSET=utf8mb4 COLLATE=utf8mb4_0900_ai_ci;
/*!40101 SET character_set_client = @saved_cs_client */;

--
-- Dumping data for table `friend_ship`
--

LOCK TABLES `friend_ship` WRITE;
/*!40000 ALTER TABLE `friend_ship` DISABLE KEYS */;
INSERT INTO `friend_ship` VALUES ('quynh171217@gmail.com','2024-04-08 10:17:58.613000','10:18, 08/04/2024','2024-04-08 10:18:26.492000',200,3,1),('truong8dt@gmail.com','2024-05-21 15:09:29.518000','03:04, 25/05/2024','2024-05-25 03:04:09.672000',200,4,1),('doanhtv2759@gmail.com','2024-04-08 14:29:26.896000','15:20, 08/04/2024','2024-04-08 15:20:00.682000',200,6,1),('hoangquanghuy@gmail.com','2024-04-10 01:56:31.500000','01:57, 10/04/2024','2024-04-10 01:57:32.503000',200,7,1),('hqhuy.bme@gmail.com','2024-04-15 12:34:41.522000','03:48, 17/04/2024','2024-04-17 03:48:33.731000',200,12,1),('quynh171217@gmail.com','2024-04-08 10:17:50.353000','01:57, 10/04/2024','2024-04-10 01:57:57.417000',200,3,2),('doanhtv2759@gmail.com','2024-04-08 15:17:40.961000','01:57, 10/04/2024','2024-04-10 01:57:52.244000',200,6,2),('hoangquanghuy@gmail.com','2024-04-10 01:56:36.779000','01:57, 10/04/2024','2024-04-10 01:57:54.676000',200,7,2),('hqhuy.bme@gmail.com','2024-04-15 12:34:42.367000','4/15/24, 12:34 PM','2024-04-15 12:34:42.367000',100,12,2),('doanhtv2759@gmail.com','2024-04-08 15:17:41.518000','4/8/24, 3:17 PM','2024-04-08 15:17:41.518000',100,6,3),('hoangquanghuy@gmail.com','2024-04-10 01:56:41.690000','01:56, 10/04/2024','2024-04-10 01:56:41.690000',100,7,3),('hqhuy.bme@gmail.com','2024-04-15 12:34:43.185000','4/15/24, 12:34 PM','2024-04-15 12:34:43.185000',100,12,3),('truongnguyenduc935@gmail.com','2024-05-22 13:03:25.625000','09:48, 24/05/2024','2024-05-24 09:48:16.383000',200,5,4),('hqhuy.bme@gmail.com','2024-04-15 12:34:57.954000','4/15/24, 12:34 PM','2024-04-15 12:34:57.954000',100,12,5),('truong8dt@gmail.com','2024-05-24 09:48:28.390000','09:48, 24/05/2024','2024-05-24 09:48:28.390000',100,4,6),('vdoanh301@gmail.com','2024-04-16 08:47:20.745000','4/16/24, 8:47 AM','2024-04-16 08:47:20.745000',100,8,6),('hqhuy.bme@gmail.com','2024-04-15 12:34:45.150000','4/16/24, 7:49 AM','2024-04-16 07:49:52.269000',200,12,6),('hqhuy.bme@gmail.com','2024-04-15 12:34:34.893000','4/15/24, 12:34 PM','2024-04-15 12:34:34.893000',100,12,7),('truong8dt@gmail.com','2024-06-01 02:50:51.789000','02:50, 01/06/2024','2024-06-01 02:50:51.789000',100,4,8),('hqhuy.bme@gmail.com','2024-04-15 12:34:47.786000','4/16/24, 7:55 AM','2024-04-16 07:55:26.213000',200,12,8),('phamquynhltbn12@gmail.com','2024-04-15 03:29:19.647000','5/22/24, 3:13 AM','2024-05-22 03:13:46.997000',200,1,10),('phamdoan060801@gmail.com','2024-05-31 10:15:56.002000','5/31/24, 10:15 AM','2024-05-31 10:15:56.002000',100,11,10),('hqhuy.bme@gmail.com','2024-04-15 12:34:48.556000','5/22/24, 3:17 PM','2024-05-22 15:17:24.069000',200,12,10),('phamquynhltbn12@gmail.com','2024-04-15 03:29:41.368000','4/30/24, 9:42 AM','2024-04-30 09:42:59.977000',200,1,11),('hqhuy.bme@gmail.com','2024-04-15 12:34:53.641000','4/15/24, 12:34 PM','2024-04-15 12:34:53.641000',100,12,11);
/*!40000 ALTER TABLE `friend_ship` ENABLE KEYS */;
UNLOCK TABLES;

--
-- Table structure for table `group_member`
--

DROP TABLE IF EXISTS `group_member`;
/*!40101 SET @saved_cs_client     = @@character_set_client */;
/*!50503 SET character_set_client = utf8mb4 */;
CREATE TABLE `group_member` (
  `group_member_id` bigint NOT NULL AUTO_INCREMENT,
  `created_by` varchar(255) DEFAULT NULL,
  `created_date` datetime(6) DEFAULT NULL,
  `modified_by` varchar(255) DEFAULT NULL,
  `modified_date` datetime(6) DEFAULT NULL,
  `is_active` bit(1) NOT NULL,
  `last_activity` datetime(6) DEFAULT NULL,
  `contact_id` bigint DEFAULT NULL,
  `conversation_id` bigint DEFAULT NULL,
  PRIMARY KEY (`group_member_id`),
  KEY `FKqbnnx666uxh38dff4uanvgw88` (`contact_id`),
  KEY `FKh9ojh95jsbqa9k94mk9sjs64k` (`conversation_id`),
  CONSTRAINT `FKh9ojh95jsbqa9k94mk9sjs64k` FOREIGN KEY (`conversation_id`) REFERENCES `conversation` (`conversation_id`),
  CONSTRAINT `FKqbnnx666uxh38dff4uanvgw88` FOREIGN KEY (`contact_id`) REFERENCES `contact` (`contact_id`)
) ENGINE=InnoDB AUTO_INCREMENT=48 DEFAULT CHARSET=utf8mb4 COLLATE=utf8mb4_0900_ai_ci;
/*!40101 SET character_set_client = @saved_cs_client */;

--
-- Dumping data for table `group_member`
--

LOCK TABLES `group_member` WRITE;
/*!40000 ALTER TABLE `group_member` DISABLE KEYS */;
INSERT INTO `group_member` VALUES (1,'phamquynhltbn12@gmail.com','2024-04-08 10:18:31.706000','phamquynhltbn12@gmail.com','2024-05-24 03:53:57.591000',_binary '\0','2024-05-24 03:53:57.591247',1,1),(2,'phamquynhltbn12@gmail.com','2024-04-08 10:18:31.710000','phamquynhltbn12@gmail.com','2024-05-24 03:53:57.588000',_binary '\0','2024-05-24 03:53:57.588474',3,1),(3,'truong8dt@gmail.com','2024-04-08 12:22:56.900000','truong8dt@gmail.com','2024-06-02 09:12:17.488000',_binary '\0','2024-06-02 09:12:17.488367',4,2),(4,'truong8dt@gmail.com','2024-04-08 12:22:56.902000','truong8dt@gmail.com','2024-06-02 09:12:17.485000',_binary '\0','2024-06-02 09:12:17.485674',5,2),(5,'doanhtv2759@gmail.com','2024-04-08 15:27:59.668000','phamquynhltbn12@gmail.com','2024-05-25 03:19:06.603000',_binary '\0','2024-05-25 03:19:06.603661',6,3),(6,'doanhtv2759@gmail.com','2024-04-08 15:27:59.671000','phamquynhltbn12@gmail.com','2024-05-25 03:19:06.601000',_binary '\0','2024-05-25 03:19:06.601101',1,3),(7,'hoangquanghuy@gmail.com','2024-04-10 01:56:46.442000','phamquynhltbn12@gmail.com','2024-05-25 02:51:54.470000',_binary '\0','2024-05-25 02:51:54.469936',7,4),(8,'hoangquanghuy@gmail.com','2024-04-10 01:56:46.444000','phamquynhltbn12@gmail.com','2024-05-25 02:51:54.474000',_binary '\0','2024-05-25 02:51:54.473789',1,4),(9,'hoangquanghuy@gmail.com','2024-04-10 01:57:08.326000','hoangquanghuy@gmail.com','2024-04-10 01:57:08.326000',_binary '\0',NULL,7,5),(10,'hoangquanghuy@gmail.com','2024-04-10 01:57:08.328000','hoangquanghuy@gmail.com','2024-04-10 01:57:08.328000',_binary '\0',NULL,2,5),(11,'vdoanh301@gmail.com','2024-04-11 04:49:42.041000','truong8dt@gmail.com','2024-05-18 16:27:42.424000',_binary '\0','2024-05-18 16:27:42.424077',8,6),(12,'vdoanh301@gmail.com','2024-04-11 04:49:42.042000','truong8dt@gmail.com','2024-05-18 16:27:42.415000',_binary '\0','2024-05-18 16:27:42.415047',6,6),(13,'doanhtv2759@gmail.com','2024-04-14 13:48:40.014000','doanhtv2759@gmail.com','2024-04-14 13:48:40.014000',_binary '\0',NULL,6,7),(14,'doanhtv2759@gmail.com','2024-04-14 13:48:40.016000','doanhtv2759@gmail.com','2024-04-14 13:48:40.016000',_binary '\0',NULL,2,7),(15,'doanhtv2759@gmail.com','2024-04-14 13:48:46.081000','doanhtv2759@gmail.com','2024-04-14 13:48:46.081000',_binary '\0',NULL,6,8),(16,'doanhtv2759@gmail.com','2024-04-14 13:48:46.082000','doanhtv2759@gmail.com','2024-04-14 13:48:46.082000',_binary '\0',NULL,3,8),(17,'doanhtv2759@gmail.com','2024-04-14 13:49:23.658000','doanhtv2759@gmail.com','2024-04-14 13:49:23.658000',_binary '\0',NULL,6,9),(18,'doanhtv2759@gmail.com','2024-04-14 13:49:23.660000','truong8dt@gmail.com','2024-05-29 02:23:44.710000',_binary '\0','2024-05-29 02:23:44.709730',4,9),(19,'doanhtv2759@gmail.com','2024-04-14 13:49:29.169000','doanhtv2759@gmail.com','2024-04-14 13:49:29.169000',_binary '\0',NULL,6,10),(20,'doanhtv2759@gmail.com','2024-04-14 13:49:29.170000','doanhtv2759@gmail.com','2024-04-14 13:49:29.170000',_binary '\0',NULL,5,10),(21,'doanhtv2759@gmail.com','2024-04-14 13:49:37.322000','doanhtv2759@gmail.com','2024-04-14 13:49:37.322000',_binary '\0',NULL,6,11),(22,'doanhtv2759@gmail.com','2024-04-14 13:49:37.323000','doanhtv2759@gmail.com','2024-04-14 13:49:37.323000',_binary '\0',NULL,7,11),(23,'phamquynhltbn12@gmail.com','2024-04-15 03:29:59.021000','chuyenp32@gmail.com','2024-06-01 10:25:41.259000',_binary '\0','2024-06-01 10:25:41.259705',1,12),(24,'phamquynhltbn12@gmail.com','2024-04-15 03:29:59.024000','chuyenp32@gmail.com','2024-06-01 10:25:41.254000',_binary '\0','2024-06-01 10:25:41.254267',10,12),(25,'phamquynhltbn12@gmail.com','2024-04-15 03:30:05.172000','phamquynhltbn12@gmail.com','2024-05-25 02:51:51.482000',_binary '\0','2024-05-25 02:51:51.482350',1,13),(26,'phamquynhltbn12@gmail.com','2024-04-15 03:30:05.174000','phamquynhltbn12@gmail.com','2024-04-15 03:30:05.174000',_binary '\0',NULL,11,13),(27,'phamquynhltbn12@gmail.com','2024-04-17 03:48:45.825000','phamquynhltbn12@gmail.com','2024-04-17 03:48:45.825000',_binary '\0',NULL,1,14),(28,'phamquynhltbn12@gmail.com','2024-04-17 03:48:45.829000','phamquynhltbn12@gmail.com','2024-06-01 02:52:49.109000',_binary '\0','2024-06-01 02:52:49.108904',12,14),(29,'chuyenp32@gmail.com','2024-05-22 04:11:29.974000','chuyenp32@gmail.com','2024-05-22 04:11:29.974000',_binary '\0',NULL,10,15),(30,'chuyenp32@gmail.com','2024-05-22 04:11:29.975000','chuyenp32@gmail.com','2024-05-22 04:11:29.975000',_binary '\0',NULL,11,15),(31,'chuyenp32@gmail.com','2024-05-22 04:13:25.687000','chuyenp32@gmail.com','2024-05-22 04:13:25.687000',_binary '\0',NULL,10,16),(32,'chuyenp32@gmail.com','2024-05-22 04:13:25.688000','chuyenp32@gmail.com','2024-05-22 04:13:25.688000',_binary '\0',NULL,11,16),(33,'chuyenp32@gmail.com','2024-05-23 15:16:54.402000','chuyenp32@gmail.com','2024-05-23 15:16:54.402000',_binary '\0',NULL,10,17),(34,'chuyenp32@gmail.com','2024-05-23 15:16:54.404000','chuyenp32@gmail.com','2024-05-23 15:16:54.404000',_binary '\0',NULL,11,17),(35,'truongnguyenduc935@gmail.com','2024-05-26 15:41:28.438000','truongnguyenduc935@gmail.com','2024-05-26 15:41:28.438000',_binary '\0',NULL,5,18),(36,'truongnguyenduc935@gmail.com','2024-05-26 15:41:28.439000','truongnguyenduc935@gmail.com','2024-05-26 15:41:28.439000',_binary '\0',NULL,22,18),(37,'truong8dt@gmail.com','2024-05-26 15:45:04.040000','truong8dt@gmail.com','2024-05-29 13:16:37.994000',_binary '\0','2024-05-29 13:16:37.993418',4,19),(38,'truong8dt@gmail.com','2024-05-26 15:45:04.041000','truong8dt@gmail.com','2024-05-26 15:45:04.041000',_binary '\0',NULL,22,19),(39,'truong8dt@gmail.com','2024-05-26 16:01:09.483000','truong8dt@gmail.com','2024-05-29 13:16:38.415000',_binary '\0','2024-05-29 13:16:38.415616',4,20),(40,'truong8dt@gmail.com','2024-05-26 16:01:09.484000','truong8dt@gmail.com','2024-05-26 16:01:09.484000',_binary '\0',NULL,3,20),(41,'truongnguyenduc935@gmail.com','2024-05-26 16:03:38.370000','truongnguyenduc935@gmail.com','2024-06-01 03:44:58.842000',_binary '\0','2024-06-01 03:44:58.841663',5,21),(42,'truongnguyenduc935@gmail.com','2024-05-26 16:03:38.371000','truongnguyenduc935@gmail.com','2024-05-26 16:03:38.371000',_binary '\0',NULL,1,21),(43,'truong8dt@gmail.com','2024-05-26 16:09:39.229000','truong8dt@gmail.com','2024-05-26 16:09:39.229000',_binary '\0',NULL,4,22),(44,'truong8dt@gmail.com','2024-05-26 16:09:39.230000','truong8dt@gmail.com','2024-05-26 16:09:39.230000',_binary '\0',NULL,1,22),(45,'truong8dt@gmail.com','2024-06-01 02:50:56.613000','truong8dt@gmail.com','2024-06-01 02:51:35.697000',_binary '\0','2024-06-01 02:51:35.696657',4,23),(46,'truong8dt@gmail.com','2024-06-01 02:50:56.615000','truong8dt@gmail.com','2024-06-01 02:50:56.615000',_binary '\0',NULL,8,23),(47,'chuyenp32@gmail.com','2024-06-01 10:08:45.270000','chuyenp32@gmail.com','2024-06-01 10:08:45.270000',_binary '\0',NULL,12,24);
/*!40000 ALTER TABLE `group_member` ENABLE KEYS */;
UNLOCK TABLES;

--
-- Table structure for table `message`
--

DROP TABLE IF EXISTS `message`;
/*!40101 SET @saved_cs_client     = @@character_set_client */;
/*!50503 SET character_set_client = utf8mb4 */;
CREATE TABLE `message` (
  `message_id` bigint NOT NULL AUTO_INCREMENT,
  `created_by` varchar(255) DEFAULT NULL,
  `created_date` datetime(6) DEFAULT NULL,
  `modified_by` varchar(255) DEFAULT NULL,
  `modified_date` datetime(6) DEFAULT NULL,
  `content` varchar(255) DEFAULT NULL,
  `media_location` varchar(255) DEFAULT NULL,
  `message_type` enum('TEXT','VIDEO') DEFAULT NULL,
  `status` int NOT NULL,
  `group_member_id` bigint DEFAULT NULL,
  PRIMARY KEY (`message_id`),
  KEY `FKggk1gfstbl8c40323lcq45iij` (`group_member_id`),
  CONSTRAINT `FKggk1gfstbl8c40323lcq45iij` FOREIGN KEY (`group_member_id`) REFERENCES `group_member` (`group_member_id`)
) ENGINE=InnoDB AUTO_INCREMENT=232 DEFAULT CHARSET=utf8mb4 COLLATE=utf8mb4_0900_ai_ci;
/*!40101 SET character_set_client = @saved_cs_client */;

--
-- Dumping data for table `message`
--

LOCK TABLES `message` WRITE;
/*!40000 ALTER TABLE `message` DISABLE KEYS */;
INSERT INTO `message` VALUES (1,'phamquynhltbn12@gmail.com','2024-04-09 07:39:17.543000','phamquynhltbn12@gmail.com','2024-04-09 07:39:17.543000','dg',NULL,'TEXT',100,5),(19,'truong8dt@gmail.com','2024-04-14 13:34:13.000000','truong8dt@gmail.com',NULL,'hi bạn','https://wetalk.ibme.edu.vn/upload/hust-app//image.png','TEXT',100,3),(20,'truongnguyenduc935@gmail.com','2024-04-14 13:34:27.000000','truongnguyenduc935@gmail.com',NULL,'có gì không',NULL,'TEXT',100,4),(21,'truong8dt@gmail.com','2024-04-14 13:34:36.000000','truong8dt@gmail.com',NULL,'không có gì đâu nhé','https://wetalk.ibme.edu.vn/upload/hust-app//image.png','TEXT',100,3),(22,'truongnguyenduc935@gmail.com','2024-04-14 13:34:43.000000','truongnguyenduc935@gmail.com',NULL,'Thật không',NULL,'TEXT',100,4),(23,'truong8dt@gmail.com','2024-04-14 13:37:11.000000','truong8dt@gmail.com',NULL,'đâu rồi sao t thấy sai','https://wetalk.ibme.edu.vn/upload/hust-app//image.png','TEXT',100,3),(24,'truongnguyenduc935@gmail.com','2024-04-14 13:37:16.000000','truongnguyenduc935@gmail.com',NULL,'sao ở đâu',NULL,'TEXT',100,4),(25,'truongnguyenduc935@gmail.com','2024-04-14 13:37:18.000000','truongnguyenduc935@gmail.com',NULL,'1',NULL,'TEXT',100,4),(26,'truong8dt@gmail.com','2024-04-14 13:37:19.000000','truong8dt@gmail.com',NULL,'2','https://wetalk.ibme.edu.vn/upload/hust-app//image.png','TEXT',100,3),(27,'truongnguyenduc935@gmail.com','2024-04-14 13:37:35.000000','truongnguyenduc935@gmail.com',NULL,'3',NULL,'TEXT',100,4),(28,'truong8dt@gmail.com','2024-04-14 13:42:50.000000','truong8dt@gmail.com',NULL,'đừng tỏ ra hay ho','https://wetalk.ibme.edu.vn/upload/hust-app//image.png','TEXT',100,3),(29,'truongnguyenduc935@gmail.com','2024-04-14 13:43:00.000000','truongnguyenduc935@gmail.com',NULL,'th thích',NULL,'TEXT',100,4),(30,'vdoanh301@gmail.com','2024-04-14 14:02:16.000000','vdoanh301@gmail.com',NULL,'HelLo','https://wetalk.ibme.edu.vn/upload/media-general//IMG_20240410_033405.jpg','TEXT',100,11),(31,'phamquynhltbn12@gmail.com','2024-04-15 03:30:23.000000','phamquynhltbn12@gmail.com',NULL,'hello','https://wetalk.ibme.edu.vn/upload/hust-app//pvq.jpg','TEXT',100,1),(32,'quynh171217@gmail.com','2024-04-15 03:30:45.000000','quynh171217@gmail.com',NULL,'chao bạn',NULL,'TEXT',100,2),(33,'phamquynhltbn12@gmail.com','2024-04-15 03:31:33.000000','phamquynhltbn12@gmail.com',NULL,'hello e zai','https://wetalk.ibme.edu.vn/upload/hust-app//pvq.jpg','TEXT',100,25),(34,'phamquynhltbn12@gmail.com','2024-04-15 03:31:40.000000','phamquynhltbn12@gmail.com',NULL,'hi e zai','https://wetalk.ibme.edu.vn/upload/hust-app//pvq.jpg','TEXT',100,23),(35,'phamquynhltbn12@gmail.com','2024-04-15 03:31:47.000000','phamquynhltbn12@gmail.com',NULL,'em chào thầy','https://wetalk.ibme.edu.vn/upload/hust-app//pvq.jpg','TEXT',100,8),(36,'phamquynhltbn12@gmail.com','2024-04-15 03:31:51.000000','phamquynhltbn12@gmail.com',NULL,'lô','https://wetalk.ibme.edu.vn/upload/hust-app//pvq.jpg','TEXT',100,6),(37,'phamquynhltbn12@gmail.com','2024-04-15 03:34:00.000000','phamquynhltbn12@gmail.com',NULL,'hi','https://wetalk.ibme.edu.vn/upload/hust-app//pvq.jpg','TEXT',100,1),(38,'vdoanh301@gmail.com','2024-04-15 04:02:33.000000','vdoanh301@gmail.com',NULL,'Name','https://wetalk.ibme.edu.vn/upload/media-general//IMG_20240410_033405.jpg','TEXT',100,11),(39,'vdoanh301@gmail.com','2024-04-15 04:03:22.000000','vdoanh301@gmail.com',NULL,'Hêllo','https://wetalk.ibme.edu.vn/upload/media-general//IMG_20240410_033405.jpg','TEXT',100,11),(40,'doanhtv2759@gmail.com','2024-04-15 04:03:47.000000','doanhtv2759@gmail.com',NULL,'Name','https://wetalk.ibme.edu.vn/upload/media-general//1000000037.jpg','TEXT',100,12),(41,'doanhtv2759@gmail.com','2024-04-15 04:21:24.000000','doanhtv2759@gmail.com',NULL,'dssds','https://wetalk.ibme.edu.vn/upload/media-general//1000000037.jpg','TEXT',100,5),(42,'doanhtv2759@gmail.com','2024-04-15 05:12:22.000000','doanhtv2759@gmail.com',NULL,'dssds','https://wetalk.ibme.edu.vn/upload/media-general//1000000037.jpg','TEXT',100,12),(43,'doanhtv2759@gmail.com','2024-04-15 05:23:25.000000','doanhtv2759@gmail.com',NULL,'dssds','https://wetalk.ibme.edu.vn/upload/media-general//1000000037.jpg','TEXT',100,12),(44,'doanhtv2759@gmail.com','2024-04-15 05:23:34.000000','doanhtv2759@gmail.com',NULL,'dssds','https://wetalk.ibme.edu.vn/upload/media-general//1000000037.jpg','TEXT',100,12),(45,'doanhtv2759@gmail.com','2024-04-15 05:41:10.000000','doanhtv2759@gmail.com',NULL,'dssds','https://wetalk.ibme.edu.vn/upload/media-general//1000000037.jpg','TEXT',100,12),(46,'doanhtv2759@gmail.com','2024-04-15 06:10:35.000000','doanhtv2759@gmail.com',NULL,'dssds','https://wetalk.ibme.edu.vn/upload/media-general//1000000037.jpg','TEXT',100,12),(47,'doanhtv2759@gmail.com','2024-04-15 06:11:27.000000','doanhtv2759@gmail.com',NULL,'dssds','https://wetalk.ibme.edu.vn/upload/media-general//1000000037.jpg','TEXT',100,12),(48,'doanhtv2759@gmail.com','2024-04-15 06:47:27.000000','doanhtv2759@gmail.com',NULL,'ty','https://wetalk.ibme.edu.vn/upload/media-general//1000000037.jpg','TEXT',100,12),(49,'doanhtv2759@gmail.com','2024-04-15 06:49:13.000000','doanhtv2759@gmail.com',NULL,'hekko','https://wetalk.ibme.edu.vn/upload/media-general//1000000037.jpg','TEXT',100,12),(50,'vdoanh301@gmail.com','2024-04-15 06:49:20.000000','vdoanh301@gmail.com',NULL,'helo','https://wetalk.ibme.edu.vn/upload/media-general//IMG_20240410_033405.jpg','TEXT',100,11),(51,'doanhtv2759@gmail.com','2024-04-15 06:49:28.000000','doanhtv2759@gmail.com',NULL,'no','https://wetalk.ibme.edu.vn/upload/media-general//1000000037.jpg','TEXT',100,12),(52,'doanhtv2759@gmail.com','2024-04-15 06:51:31.000000','doanhtv2759@gmail.com',NULL,'jio','https://wetalk.ibme.edu.vn/upload/media-general//1000000037.jpg','TEXT',100,12),(53,'vdoanh301@gmail.com','2024-04-15 06:51:37.000000','vdoanh301@gmail.com',NULL,'hr','https://wetalk.ibme.edu.vn/upload/media-general//IMG_20240410_033405.jpg','TEXT',100,11),(54,'quynh171217@gmail.com','2024-04-15 13:05:05.000000','quynh171217@gmail.com',NULL,'lô',NULL,'TEXT',100,2),(55,'quynh171217@gmail.com','2024-04-16 01:42:41.000000','quynh171217@gmail.com',NULL,'ơi',NULL,'TEXT',100,2),(56,'doanhtv2759@gmail.com','2024-04-16 04:42:16.000000','doanhtv2759@gmail.com',NULL,'','https://wetalk.ibme.edu.vn/upload/media-general//1000000037.jpg','TEXT',100,12),(57,'doanhtv2759@gmail.com','2024-04-16 06:26:34.000000','doanhtv2759@gmail.com',NULL,'hello','https://wetalk.ibme.edu.vn/upload/media-general//1000000037.jpg','TEXT',100,12),(58,'vdoanh301@gmail.com','2024-04-16 06:27:02.000000','vdoanh301@gmail.com',NULL,'no','https://wetalk.ibme.edu.vn/upload/media-general//IMG_20240410_033405.jpg','TEXT',100,11),(59,'doanhtv2759@gmail.com','2024-04-16 06:35:03.000000','doanhtv2759@gmail.com',NULL,'','https://wetalk.ibme.edu.vn/upload/media-general//1000000037.jpg','TEXT',100,12),(60,'doanhtv2759@gmail.com','2024-04-16 06:35:16.000000','doanhtv2759@gmail.com',NULL,'get','https://wetalk.ibme.edu.vn/upload/media-general//1000000037.jpg','TEXT',100,12),(61,'doanhtv2759@gmail.com','2024-04-16 06:35:21.000000','doanhtv2759@gmail.com',NULL,'','https://wetalk.ibme.edu.vn/upload/media-general//1000000037.jpg','TEXT',100,12),(62,'doanhtv2759@gmail.com','2024-04-16 06:38:46.000000','doanhtv2759@gmail.com',NULL,'','https://wetalk.ibme.edu.vn/upload/media-general//1000000037.jpg','TEXT',100,12),(63,'doanhtv2759@gmail.com','2024-04-16 06:39:05.000000','doanhtv2759@gmail.com',NULL,'','https://wetalk.ibme.edu.vn/upload/media-general//1000000037.jpg','TEXT',100,12),(64,'doanhtv2759@gmail.com','2024-04-16 06:42:13.000000','doanhtv2759@gmail.com',NULL,'','https://wetalk.ibme.edu.vn/upload/media-general//1000000037.jpg','TEXT',100,12),(65,'doanhtv2759@gmail.com','2024-04-16 06:42:36.000000','doanhtv2759@gmail.com',NULL,'','https://wetalk.ibme.edu.vn/upload/media-general//1000000037.jpg','TEXT',100,12),(66,'doanhtv2759@gmail.com','2024-04-16 06:44:13.000000','doanhtv2759@gmail.com',NULL,'','https://wetalk.ibme.edu.vn/upload/media-general//1000000037.jpg','TEXT',100,12),(67,'doanhtv2759@gmail.com','2024-04-16 06:44:42.000000','doanhtv2759@gmail.com',NULL,'','https://wetalk.ibme.edu.vn/upload/media-general//1000000037.jpg','TEXT',100,12),(68,'doanhtv2759@gmail.com','2024-04-16 06:45:27.000000','doanhtv2759@gmail.com',NULL,'gt','https://wetalk.ibme.edu.vn/upload/media-general//1000000037.jpg','TEXT',100,12),(69,'doanhtv2759@gmail.com','2024-04-16 06:45:33.000000','doanhtv2759@gmail.com',NULL,'','https://wetalk.ibme.edu.vn/upload/media-general//1000000037.jpg','TEXT',100,12),(70,'doanhtv2759@gmail.com','2024-04-16 06:46:21.000000','doanhtv2759@gmail.com',NULL,'','https://wetalk.ibme.edu.vn/upload/media-general//1000000037.jpg','TEXT',100,12),(71,'doanhtv2759@gmail.com','2024-04-16 06:47:36.000000','doanhtv2759@gmail.com',NULL,'','https://wetalk.ibme.edu.vn/upload/media-general//1000000037.jpg','TEXT',100,12),(72,'doanhtv2759@gmail.com','2024-04-16 06:48:41.000000','doanhtv2759@gmail.com',NULL,'','https://wetalk.ibme.edu.vn/upload/media-general//1000000037.jpg','TEXT',100,12),(73,'doanhtv2759@gmail.com','2024-04-16 06:49:17.000000','doanhtv2759@gmail.com',NULL,'ger','https://wetalk.ibme.edu.vn/upload/media-general//1000000037.jpg','TEXT',100,12),(74,'doanhtv2759@gmail.com','2024-04-16 06:49:20.000000','doanhtv2759@gmail.com',NULL,'','https://wetalk.ibme.edu.vn/upload/media-general//1000000037.jpg','TEXT',100,12),(75,'doanhtv2759@gmail.com','2024-04-16 06:53:50.000000','doanhtv2759@gmail.com',NULL,'','https://wetalk.ibme.edu.vn/upload/media-general//1000000037.jpg','TEXT',100,12),(76,'doanhtv2759@gmail.com','2024-04-16 06:55:22.000000','doanhtv2759@gmail.com',NULL,'frtt','https://wetalk.ibme.edu.vn/upload/media-general//1000000037.jpg','TEXT',100,12),(77,'doanhtv2759@gmail.com','2024-04-16 06:55:22.000000','doanhtv2759@gmail.com',NULL,'','https://wetalk.ibme.edu.vn/upload/media-general//1000000037.jpg','TEXT',100,12),(78,'doanhtv2759@gmail.com','2024-04-16 06:55:32.000000','doanhtv2759@gmail.com',NULL,'','https://wetalk.ibme.edu.vn/upload/media-general//1000000037.jpg','TEXT',100,12),(79,'doanhtv2759@gmail.com','2024-04-16 06:55:32.000000','doanhtv2759@gmail.com',NULL,'blurd','https://wetalk.ibme.edu.vn/upload/media-general//1000000037.jpg','TEXT',100,12),(80,'doanhtv2759@gmail.com','2024-04-16 06:55:33.000000','doanhtv2759@gmail.com',NULL,'','https://wetalk.ibme.edu.vn/upload/media-general//1000000037.jpg','TEXT',100,12),(81,'doanhtv2759@gmail.com','2024-04-16 07:14:38.000000','doanhtv2759@gmail.com',NULL,'yu','https://wetalk.ibme.edu.vn/upload/media-general//1000000037.jpg','TEXT',100,12),(82,'doanhtv2759@gmail.com','2024-04-16 07:14:59.000000','doanhtv2759@gmail.com',NULL,'','https://wetalk.ibme.edu.vn/upload/media-general//1000000037.jpg','TEXT',100,12),(83,'doanhtv2759@gmail.com','2024-04-16 07:16:19.000000','doanhtv2759@gmail.com',NULL,'gello','https://wetalk.ibme.edu.vn/upload/media-general//1000000037.jpg','TEXT',100,12),(84,'doanhtv2759@gmail.com','2024-04-16 07:16:40.000000','doanhtv2759@gmail.com',NULL,'rt','https://wetalk.ibme.edu.vn/upload/media-general//1000000037.jpg','TEXT',100,12),(85,'doanhtv2759@gmail.com','2024-04-16 07:16:44.000000','doanhtv2759@gmail.com',NULL,'yu','https://wetalk.ibme.edu.vn/upload/media-general//1000000037.jpg','TEXT',100,12),(86,'doanhtv2759@gmail.com','2024-04-16 07:16:53.000000','doanhtv2759@gmail.com',NULL,'','https://wetalk.ibme.edu.vn/upload/media-general//1000000037.jpg','TEXT',100,12),(87,'doanhtv2759@gmail.com','2024-04-16 07:16:54.000000','doanhtv2759@gmail.com',NULL,'','https://wetalk.ibme.edu.vn/upload/media-general//1000000037.jpg','TEXT',100,12),(88,'doanhtv2759@gmail.com','2024-04-16 07:17:14.000000','doanhtv2759@gmail.com',NULL,'','https://wetalk.ibme.edu.vn/upload/media-general//1000000037.jpg','TEXT',100,12),(89,'doanhtv2759@gmail.com','2024-04-16 07:17:14.000000','doanhtv2759@gmail.com',NULL,'','https://wetalk.ibme.edu.vn/upload/media-general//1000000037.jpg','TEXT',100,12),(90,'doanhtv2759@gmail.com','2024-04-16 07:17:15.000000','doanhtv2759@gmail.com',NULL,'','https://wetalk.ibme.edu.vn/upload/media-general//1000000037.jpg','TEXT',100,12),(91,'doanhtv2759@gmail.com','2024-04-16 07:17:29.000000','doanhtv2759@gmail.com',NULL,'','https://wetalk.ibme.edu.vn/upload/media-general//1000000037.jpg','TEXT',100,12),(92,'doanhtv2759@gmail.com','2024-04-16 07:17:45.000000','doanhtv2759@gmail.com',NULL,'','https://wetalk.ibme.edu.vn/upload/media-general//1000000037.jpg','TEXT',100,12),(93,'doanhtv2759@gmail.com','2024-04-16 07:17:45.000000','doanhtv2759@gmail.com',NULL,'','https://wetalk.ibme.edu.vn/upload/media-general//1000000037.jpg','TEXT',100,12),(94,'doanhtv2759@gmail.com','2024-04-16 07:18:09.000000','doanhtv2759@gmail.com',NULL,'','https://wetalk.ibme.edu.vn/upload/media-general//1000000037.jpg','TEXT',100,12),(95,'vdoanh301@gmail.com','2024-04-16 07:18:40.000000','vdoanh301@gmail.com',NULL,'helo','https://wetalk.ibme.edu.vn/upload/media-general//IMG_20240410_033405.jpg','TEXT',100,11),(96,'vdoanh301@gmail.com','2024-04-16 07:18:54.000000','vdoanh301@gmail.com',NULL,'','https://wetalk.ibme.edu.vn/upload/media-general//IMG_20240410_033405.jpg','TEXT',100,11),(97,'doanhtv2759@gmail.com','2024-04-16 07:20:32.000000','doanhtv2759@gmail.com',NULL,'ty','https://wetalk.ibme.edu.vn/upload/media-general//1000000037.jpg','TEXT',100,12),(98,'vdoanh301@gmail.com','2024-04-16 07:20:44.000000','vdoanh301@gmail.com',NULL,'','https://wetalk.ibme.edu.vn/upload/media-general//IMG_20240410_033405.jpg','TEXT',100,11),(99,'vdoanh301@gmail.com','2024-04-16 07:23:27.000000','vdoanh301@gmail.com',NULL,'','https://wetalk.ibme.edu.vn/upload/media-general//IMG_20240410_033405.jpg','TEXT',100,11),(100,'vdoanh301@gmail.com','2024-04-16 07:23:34.000000','vdoanh301@gmail.com',NULL,'helo','https://wetalk.ibme.edu.vn/upload/media-general//IMG_20240410_033405.jpg','TEXT',100,11),(101,'vdoanh301@gmail.com','2024-04-16 07:23:46.000000','vdoanh301@gmail.com',NULL,'pro','https://wetalk.ibme.edu.vn/upload/media-general//IMG_20240410_033405.jpg','TEXT',100,11),(102,'vdoanh301@gmail.com','2024-04-16 07:24:24.000000','vdoanh301@gmail.com',NULL,'','https://wetalk.ibme.edu.vn/upload/media-general//IMG_20240410_033405.jpg','TEXT',100,11),(103,'vdoanh301@gmail.com','2024-04-16 07:25:03.000000','vdoanh301@gmail.com',NULL,'','https://wetalk.ibme.edu.vn/upload/media-general//IMG_20240410_033405.jpg','TEXT',100,11),(104,'vdoanh301@gmail.com','2024-04-16 07:25:03.000000','vdoanh301@gmail.com',NULL,'','https://wetalk.ibme.edu.vn/upload/media-general//IMG_20240410_033405.jpg','TEXT',100,11),(105,'doanhtv2759@gmail.com','2024-04-16 07:26:32.000000','doanhtv2759@gmail.com',NULL,'hebo','https://wetalk.ibme.edu.vn/upload/media-general//1000000037.jpg','TEXT',100,12),(106,'doanhtv2759@gmail.com','2024-04-16 07:26:43.000000','doanhtv2759@gmail.com',NULL,'','https://wetalk.ibme.edu.vn/upload/media-general//1000000037.jpg','TEXT',100,12),(107,'vdoanh301@gmail.com','2024-04-16 07:27:23.000000','vdoanh301@gmail.com',NULL,'ui','https://wetalk.ibme.edu.vn/upload/media-general//IMG_20240410_033405.jpg','TEXT',100,11),(108,'vdoanh301@gmail.com','2024-04-16 07:27:31.000000','vdoanh301@gmail.com',NULL,'','https://wetalk.ibme.edu.vn/upload/media-general//IMG_20240410_033405.jpg','TEXT',100,11),(109,'vdoanh301@gmail.com','2024-04-16 07:27:47.000000','vdoanh301@gmail.com',NULL,'cd','https://wetalk.ibme.edu.vn/upload/media-general//IMG_20240410_033405.jpg','TEXT',100,11),(110,'vdoanh301@gmail.com','2024-04-16 07:27:47.000000','vdoanh301@gmail.com',NULL,'','https://wetalk.ibme.edu.vn/upload/media-general//IMG_20240410_033405.jpg','TEXT',100,11),(111,'doanhtv2759@gmail.com','2024-04-16 07:29:47.000000','doanhtv2759@gmail.com',NULL,'','https://wetalk.ibme.edu.vn/upload/media-general//1000000037.jpg','TEXT',100,12),(112,'doanhtv2759@gmail.com','2024-04-16 08:53:31.000000','doanhtv2759@gmail.com',NULL,'gh','https://wetalk.ibme.edu.vn/upload/media-general//1000000037.jpg','TEXT',100,12),(113,'vdoanh301@gmail.com','2024-04-16 08:53:32.000000','vdoanh301@gmail.com',NULL,'helo','https://wetalk.ibme.edu.vn/upload/media-general//IMG_20240410_033405.jpg','TEXT',100,11),(114,'vdoanh301@gmail.com','2024-04-16 08:53:32.000000','vdoanh301@gmail.com',NULL,'he','https://wetalk.ibme.edu.vn/upload/media-general//IMG_20240410_033405.jpg','TEXT',100,11),(115,'doanhtv2759@gmail.com','2024-04-16 09:03:19.000000','doanhtv2759@gmail.com',NULL,'ty','https://wetalk.ibme.edu.vn/upload/media-general//1000000037.jpg','TEXT',100,12),(116,'vdoanh301@gmail.com','2024-04-16 09:03:26.000000','vdoanh301@gmail.com',NULL,'no','https://wetalk.ibme.edu.vn/upload/media-general//IMG_20240410_033405.jpg','TEXT',100,11),(117,'vdoanh301@gmail.com','2024-04-16 09:03:45.000000','vdoanh301@gmail.com',NULL,'','https://wetalk.ibme.edu.vn/upload/media-general//IMG_20240410_033405.jpg','TEXT',100,11),(118,'doanhtv2759@gmail.com','2024-04-16 09:03:58.000000','doanhtv2759@gmail.com',NULL,'ty','https://wetalk.ibme.edu.vn/upload/media-general//1000000037.jpg','TEXT',100,12),(119,'doanhtv2759@gmail.com','2024-04-16 09:04:19.000000','doanhtv2759@gmail.com',NULL,'','https://wetalk.ibme.edu.vn/upload/media-general//1000000037.jpg','TEXT',100,12),(120,'doanhtv2759@gmail.com','2024-04-16 09:04:33.000000','doanhtv2759@gmail.com',NULL,'ty','https://wetalk.ibme.edu.vn/upload/media-general//1000000037.jpg','TEXT',100,12),(121,'vdoanh301@gmail.com','2024-04-16 10:49:34.000000','vdoanh301@gmail.com',NULL,'','https://wetalk.ibme.edu.vn/upload/media-general//IMG_20240410_033405.jpg','TEXT',100,11),(122,'vdoanh301@gmail.com','2024-04-16 10:49:34.000000','vdoanh301@gmail.com',NULL,'helo','https://wetalk.ibme.edu.vn/upload/media-general//IMG_20240410_033405.jpg','TEXT',100,11),(123,'vdoanh301@gmail.com','2024-04-17 02:56:26.000000','vdoanh301@gmail.com',NULL,'','https://wetalk.ibme.edu.vn/upload/media-general//9d9e23b9802028befafb052f7c2af883.jpg','TEXT',100,11),(124,'vdoanh301@gmail.com','2024-04-17 04:19:14.000000','vdoanh301@gmail.com',NULL,'heno','https://wetalk.ibme.edu.vn/upload/media-general//9d9e23b9802028befafb052f7c2af883.jpg','TEXT',100,11),(125,'vdoanh301@gmail.com','2024-04-17 04:23:18.000000','vdoanh301@gmail.com',NULL,'pro','https://wetalk.ibme.edu.vn/upload/media-general//9d9e23b9802028befafb052f7c2af883.jpg','TEXT',100,11),(126,'vdoanh301@gmail.com','2024-04-17 04:23:34.000000','vdoanh301@gmail.com',NULL,'nau name','https://wetalk.ibme.edu.vn/upload/media-general//9d9e23b9802028befafb052f7c2af883.jpg','TEXT',100,11),(127,'hqhuy.bme@gmail.com','2024-04-17 04:29:41.000000','hqhuy.bme@gmail.com',NULL,'2',NULL,'TEXT',100,28),(128,'hqhuy.bme@gmail.com','2024-04-17 04:29:43.000000','hqhuy.bme@gmail.com',NULL,'3',NULL,'TEXT',100,28),(129,'truongnguyenduc935@gmail.com','2024-04-17 07:45:44.000000','truongnguyenduc935@gmail.com',NULL,'hi','','TEXT',100,4),(130,'truong8dt@gmail.com','2024-04-17 07:46:10.000000','truong8dt@gmail.com',NULL,'hi','','TEXT',100,3),(131,'phamquynhltbn12@gmail.com','2024-04-17 13:43:36.000000','phamquynhltbn12@gmail.com',NULL,'hello','https://wetalk.ibme.edu.vn/upload/hust-app//pvq.jpg','TEXT',100,1),(132,'quynh171217@gmail.com','2024-04-17 13:43:46.000000','quynh171217@gmail.com',NULL,'xin chào ltbn',NULL,'TEXT',100,2),(133,'phamquynhltbn12@gmail.com','2024-04-17 13:43:53.000000','phamquynhltbn12@gmail.com',NULL,'chào 17','https://wetalk.ibme.edu.vn/upload/hust-app//pvq.jpg','TEXT',100,1),(134,'truong8dt@gmail.com','2024-04-18 11:40:26.000000','truong8dt@gmail.com',NULL,'?',NULL,'TEXT',100,3),(135,'truong8dt@gmail.com','2024-04-18 11:40:50.000000','truong8dt@gmail.com',NULL,'?',NULL,'TEXT',100,3),(136,'truong8dt@gmail.com','2024-04-18 11:41:38.000000','truong8dt@gmail.com',NULL,'?,?,?,?,?,?,?,?,?hi',NULL,'TEXT',100,3),(137,'truong8dt@gmail.com','2024-04-18 14:37:40.000000','truong8dt@gmail.com',NULL,'c',NULL,'TEXT',100,3),(138,'truong8dt@gmail.com','2024-04-18 14:39:40.000000','truong8dt@gmail.com',NULL,'hi mày',NULL,'TEXT',100,3),(139,'truong8dt@gmail.com','2024-04-18 14:39:53.000000','truong8dt@gmail.com',NULL,'con cá ','https://wetalk.ibme.edu.vn/upload/hust-app//0119_con%20c%C3%A1.jpg','TEXT',100,3),(140,'truong8dt@gmail.com','2024-04-18 15:02:03.000000','truong8dt@gmail.com',NULL,'con cá ','https://wetalk.ibme.edu.vn/upload/hust-app//0119_con%20c%C3%A1.mp4','TEXT',100,3),(141,'truongnguyenduc935@gmail.com','2024-04-18 15:09:37.000000','truongnguyenduc935@gmail.com',NULL,'chờ','https://wetalk.ibme.edu.vn/upload/hust-app//434296731_737917508424169_2703668923749097575_n.mp4','TEXT',100,4),(142,'truong8dt@gmail.com','2024-04-18 15:38:38.000000','truong8dt@gmail.com',NULL,'?,?,?,➡️ có gì không',NULL,'TEXT',100,3),(143,'truongnguyenduc935@gmail.com','2024-04-18 15:40:22.000000','truongnguyenduc935@gmail.com',NULL,'hi ','https://wetalk.ibme.edu.vn/upload/hust-app//Ban%203.png','TEXT',100,4),(144,'truongnguyenduc935@gmail.com','2024-04-18 15:41:22.000000','truongnguyenduc935@gmail.com',NULL,'không thấy ảnh ','https://wetalk.ibme.edu.vn/upload/hust-app//image.png','TEXT',100,4),(145,'truong8dt@gmail.com','2024-04-18 15:50:23.000000','truong8dt@gmail.com',NULL,'top',NULL,'TEXT',100,3),(146,'truong8dt@gmail.com','2024-04-18 16:42:40.000000','truong8dt@gmail.com',NULL,'[\"?\",\"?\",\"?\",\"?\",\"?\",\"?\",\"?\",\"?\"]',NULL,'TEXT',100,3),(147,'phamquynhltbn12@gmail.com','2024-04-19 05:25:56.000000','phamquynhltbn12@gmail.com',NULL,'hi','https://wetalk.ibme.edu.vn/upload/hust-app//0120_con%20ch%C3%B3%20-%20Copy.jpg','TEXT',100,1),(148,'phamquynhltbn12@gmail.com','2024-04-19 05:26:14.000000','phamquynhltbn12@gmail.com',NULL,'cá','https://wetalk.ibme.edu.vn/upload/hust-app//0119_con%20c%C3%A1.mp4','TEXT',100,1),(149,'doanhtv2759@gmail.com','2024-04-25 03:50:04.000000','doanhtv2759@gmail.com',NULL,'Hello','','TEXT',100,12),(150,'doanhtv2759@gmail.com','2024-04-25 03:50:28.000000','doanhtv2759@gmail.com',NULL,'pro\n','','TEXT',100,12),(151,'doanhtv2759@gmail.com','2024-04-25 03:54:24.000000','doanhtv2759@gmail.com',NULL,'rr','','TEXT',100,12),(152,'vdoanh301@gmail.com','2024-04-26 05:06:48.000000','vdoanh301@gmail.com',NULL,'s','','TEXT',100,11),(153,'doanhtv2759@gmail.com','2024-04-26 05:06:49.000000','doanhtv2759@gmail.com',NULL,'s',NULL,'TEXT',100,12),(154,'doanhtv2759@gmail.com','2024-04-26 05:07:01.000000','doanhtv2759@gmail.com',NULL,'hêlop',NULL,'TEXT',100,12),(155,'vdoanh301@gmail.com','2024-04-26 05:07:08.000000','vdoanh301@gmail.com',NULL,'ko\n','','TEXT',100,11),(156,'vdoanh301@gmail.com','2024-04-26 05:07:43.000000','vdoanh301@gmail.com',NULL,'GOi','','TEXT',100,11),(157,'vdoanh301@gmail.com','2024-05-02 07:22:21.000000','vdoanh301@gmail.com',NULL,'gh','','TEXT',100,11),(158,'doanhtv2759@gmail.com','2024-05-02 07:39:51.000000','doanhtv2759@gmail.com',NULL,'he','','TEXT',100,12),(159,'vdoanh301@gmail.com','2024-05-02 07:43:34.000000','vdoanh301@gmail.com',NULL,'df','','TEXT',100,11),(160,'doanhtv2759@gmail.com','2024-05-02 07:44:24.000000','doanhtv2759@gmail.com',NULL,'mono','','TEXT',100,12),(161,'truong8dt@gmail.com','2024-05-18 16:28:14.000000','truong8dt@gmail.com',NULL,'hi',NULL,'TEXT',100,3),(162,'truong8dt@gmail.com','2024-05-19 10:15:56.000000','truong8dt@gmail.com',NULL,'ngày mới vv',NULL,'TEXT',100,3),(163,'truong8dt@gmail.com','2024-05-19 10:18:44.000000','truong8dt@gmail.com',NULL,'Chào mừng bạn',NULL,'TEXT',100,3),(164,'truong8dt@gmail.com','2024-05-19 10:19:40.000000','truong8dt@gmail.com',NULL,'chán không',NULL,'TEXT',100,3),(165,'truong8dt@gmail.com','2024-05-19 10:23:36.000000','truong8dt@gmail.com',NULL,'Toàn thắng',NULL,'TEXT',100,3),(166,'truongnguyenduc935@gmail.com','2024-05-19 11:07:26.000000','truongnguyenduc935@gmail.com',NULL,'1n',NULL,'TEXT',100,4),(167,'truongnguyenduc935@gmail.com','2024-05-19 11:52:34.000000','truongnguyenduc935@gmail.com',NULL,'lag à',NULL,'TEXT',100,4),(168,'truongnguyenduc935@gmail.com','2024-05-19 11:52:43.000000','truongnguyenduc935@gmail.com',NULL,'khong nhắn được',NULL,'TEXT',100,4),(169,'truongnguyenduc935@gmail.com','2024-05-19 11:52:49.000000','truongnguyenduc935@gmail.com',NULL,'được rồi',NULL,'TEXT',100,4),(170,'chuyenp32@gmail.com','2024-05-19 16:59:58.498000','chuyenp32@gmail.com','2024-05-19 16:59:58.498000','test','string','TEXT',100,23),(171,'truongnguyenduc935@gmail.com','2024-05-21 14:07:04.000000','truongnguyenduc935@gmail.com',NULL,'hi',NULL,'TEXT',100,4),(172,'truongnguyenduc935@gmail.com','2024-05-21 14:07:12.000000','truongnguyenduc935@gmail.com',NULL,'có gì hót',NULL,'TEXT',100,4),(173,'truong8dt@gmail.com','2024-05-22 13:23:20.000000','truong8dt@gmail.com',NULL,'Không gì hót',NULL,'TEXT',100,3),(174,'truong8dt@gmail.com','2024-05-22 13:23:42.000000','truong8dt@gmail.com',NULL,'Lỗi gì vậy',NULL,'TEXT',100,3),(175,'truongnguyenduc935@gmail.com','2024-05-22 13:23:56.000000','truongnguyenduc935@gmail.com',NULL,'lag quá',NULL,'TEXT',100,4),(176,'truong8dt@gmail.com','2024-05-22 13:24:13.000000','truong8dt@gmail.com',NULL,'hay',NULL,'TEXT',100,3),(177,'truong8dt@gmail.com','2024-05-22 14:59:26.000000','truong8dt@gmail.com',NULL,'hhhh',NULL,'TEXT',100,3),(178,'truong8dt@gmail.com','2024-05-22 15:18:28.000000','truong8dt@gmail.com',NULL,'lag',NULL,'TEXT',100,3),(179,'truong8dt@gmail.com','2024-05-23 01:10:39.000000','truong8dt@gmail.com',NULL,'ngayf mowis',NULL,'TEXT',100,3),(180,'hoangquanghuy@gmail.com','2024-05-23 07:02:19.000000','hoangquanghuy@gmail.com',NULL,'xxxxx',NULL,'TEXT',100,7),(181,'phamquynhltbn12@gmail.com','2024-05-24 03:53:52.000000','phamquynhltbn12@gmail.com',NULL,'hi',NULL,'TEXT',100,6),(182,'phamquynhltbn12@gmail.com','2024-05-24 03:54:01.000000','phamquynhltbn12@gmail.com',NULL,'hello',NULL,'TEXT',100,1),(183,'phamquynhltbn12@gmail.com','2024-05-24 03:54:13.000000','phamquynhltbn12@gmail.com',NULL,'123',NULL,'TEXT',100,6),(184,'phamdoan060801@gmail.com','2024-05-24 16:02:07.800000','phamdoan060801@gmail.com','2024-05-24 16:02:07.800000','hello','string','TEXT',100,24),(185,'chuyenp32@gmail.com','2024-05-24 16:08:08.457000','chuyenp32@gmail.com','2024-05-24 16:08:08.457000','test','string','TEXT',100,24),(186,'truong8dt@gmail.com','2024-05-25 02:40:23.000000','truong8dt@gmail.com',NULL,'ko',NULL,'TEXT',100,3),(187,'phamquynhltbn12@gmail.com','2024-05-25 02:52:04.000000','phamquynhltbn12@gmail.com',NULL,'hello',NULL,'TEXT',100,6),(188,'doanhtv2759@gmail.com','2024-05-25 02:52:35.000000','doanhtv2759@gmail.com',NULL,'heli','','TEXT',100,5),(189,'doanhtv2759@gmail.com','2024-05-25 02:52:47.000000','doanhtv2759@gmail.com',NULL,'hsjs','','TEXT',100,5),(190,'truong8dt@gmail.com','2024-05-25 02:53:39.000000','truong8dt@gmail.com',NULL,'chao banj',NULL,'TEXT',100,3),(191,'truong8dt@gmail.com','2024-05-25 02:54:30.000000','truong8dt@gmail.com',NULL,'hi',NULL,'TEXT',100,3),(192,'truong8dt@gmail.com','2024-05-25 03:02:11.000000','truong8dt@gmail.com',NULL,'hi banj',NULL,'TEXT',100,3),(193,'truong8dt@gmail.com','2024-05-25 03:02:30.000000','truong8dt@gmail.com',NULL,'sao hi',NULL,'TEXT',100,3),(194,'truong8dt@gmail.com','2024-05-25 03:03:08.000000','truong8dt@gmail.com',NULL,'hi',NULL,'TEXT',100,18),(195,'truong8dt@gmail.com','2024-05-25 03:03:14.000000','truong8dt@gmail.com',NULL,'hi banj',NULL,'TEXT',100,18),(196,'truongnguyenduc935@gmail.com','2024-05-26 02:22:20.000000','truongnguyenduc935@gmail.com',NULL,'hi',NULL,'TEXT',100,4),(197,'truong8dt@gmail.com','2024-05-26 07:47:07.000000','truong8dt@gmail.com',NULL,'hi',NULL,'TEXT',100,3),(198,'chuyenp32@gmail.com','2024-05-26 08:17:56.608000','chuyenp32@gmail.com','2024-05-26 08:17:56.608000','hehe','','TEXT',100,23),(199,'chuyenp32@gmail.com','2024-05-26 08:18:05.902000','chuyenp32@gmail.com','2024-05-26 08:18:05.902000','hehe','','TEXT',100,23),(200,'chuyenp32@gmail.com','2024-05-26 08:18:06.474000','chuyenp32@gmail.com','2024-05-26 08:18:06.474000','hehe','','TEXT',100,23),(201,'chuyenp32@gmail.com','2024-05-26 08:37:52.826000','chuyenp32@gmail.com','2024-05-26 08:37:52.826000','toang','','TEXT',100,24),(202,'chuyenp32@gmail.com','2024-05-26 08:38:01.424000','chuyenp32@gmail.com','2024-05-26 08:38:01.424000','toang','','TEXT',100,24),(203,'chuyenp32@gmail.com','2024-05-26 08:38:03.179000','chuyenp32@gmail.com','2024-05-26 08:38:03.179000','toang','','TEXT',100,24),(204,'chuyenp32@gmail.com','2024-05-26 08:40:52.792000','chuyenp32@gmail.com','2024-05-26 08:40:52.792000','kkk','','TEXT',100,24),(205,'chuyenp32@gmail.com','2024-05-26 08:41:20.494000','chuyenp32@gmail.com','2024-05-26 08:41:20.494000','kkk','','TEXT',100,24),(206,'chuyenp32@gmail.com','2024-05-26 08:47:07.514000','chuyenp32@gmail.com','2024-05-26 08:47:07.514000','alo','','TEXT',100,24),(207,'chuyenp32@gmail.com','2024-05-26 08:47:14.066000','chuyenp32@gmail.com','2024-05-26 08:47:14.066000','alo','','TEXT',100,24),(208,'chuyenp32@gmail.com','2024-05-26 08:47:14.636000','chuyenp32@gmail.com','2024-05-26 08:47:14.636000','alo','','TEXT',100,24),(209,'chuyenp32@gmail.com','2024-05-26 08:47:15.157000','chuyenp32@gmail.com','2024-05-26 08:47:15.157000','alo','','TEXT',100,24),(210,'chuyenp32@gmail.com','2024-05-26 08:47:15.351000','chuyenp32@gmail.com','2024-05-26 08:47:15.351000','alo','','TEXT',100,24),(211,'chuyenp32@gmail.com','2024-05-26 08:47:15.568000','chuyenp32@gmail.com','2024-05-26 08:47:15.568000','alo','','TEXT',100,24),(212,'truong8dt@gmail.com','2024-05-26 14:52:20.000000','truong8dt@gmail.com',NULL,'hi',NULL,'TEXT',100,3),(213,'truong8dt@gmail.com','2024-05-26 15:18:52.000000','truong8dt@gmail.com',NULL,'ngày mới',NULL,'TEXT',100,3),(214,'truong8dt@gmail.com','2024-05-26 15:19:35.000000','truong8dt@gmail.com',NULL,'lag quá',NULL,'TEXT',100,3),(215,'truong8dt@gmail.com','2024-05-26 15:19:56.000000','truong8dt@gmail.com',NULL,'hi',NULL,'TEXT',100,3),(216,'truong8dt@gmail.com','2024-05-26 15:29:27.000000','truong8dt@gmail.com',NULL,'222',NULL,'TEXT',100,3),(217,'truong8dt@gmail.com','2024-05-26 15:31:01.000000','truong8dt@gmail.com',NULL,'nhan',NULL,'TEXT',100,3),(218,'truong8dt@gmail.com','2024-05-26 16:01:27.000000','truong8dt@gmail.com',NULL,'hi',NULL,'TEXT',100,39),(219,'truongnguyenduc935@gmail.com','2024-05-26 16:03:56.000000','truongnguyenduc935@gmail.com',NULL,'chat 123',NULL,'TEXT',100,41),(220,'truong8dt@gmail.com','2024-05-26 16:15:52.000000','truong8dt@gmail.com',NULL,'lâu không gặp',NULL,'TEXT',100,3),(221,'truong8dt@gmail.com','2024-05-26 16:16:08.000000','truong8dt@gmail.com',NULL,'hey',NULL,'TEXT',100,37),(222,'truong8dt@gmail.com','2024-05-27 13:01:05.000000','truong8dt@gmail.com',NULL,'tốt chứ ',NULL,'TEXT',100,3),(223,'truong8dt@gmail.com','2024-05-27 13:01:05.000000','truong8dt@gmail.com',NULL,'tốt chứ',NULL,'TEXT',100,3),(224,'truong8dt@gmail.com','2024-05-27 13:01:05.000000','truong8dt@gmail.com',NULL,'tốt',NULL,'TEXT',100,3),(225,'truong8dt@gmail.com','2024-05-27 13:08:18.000000','truong8dt@gmail.com',NULL,'ngày mới',NULL,'TEXT',100,3),(226,'truong8dt@gmail.com','2024-05-27 13:08:29.000000','truong8dt@gmail.com',NULL,'đơ à',NULL,'TEXT',100,3),(227,'truong8dt@gmail.com','2024-05-29 15:57:41.000000','truong8dt@gmail.com',NULL,'hi',NULL,'TEXT',100,3),(228,'truongnguyenduc935@gmail.com','2024-05-29 16:02:19.000000','truongnguyenduc935@gmail.com',NULL,'chao may',NULL,'TEXT',100,4),(229,'truong8dt@gmail.com','2024-06-01 02:51:02.000000','truong8dt@gmail.com',NULL,'hi',NULL,'TEXT',100,45),(230,'truongnguyenduc935@gmail.com','2024-06-01 02:57:20.000000','truongnguyenduc935@gmail.com',NULL,'gi',NULL,'TEXT',100,4),(231,'anonymousUser','2024-06-01 10:25:34.977000','anonymousUser','2024-06-01 10:25:34.977000','hello a quynh','string','TEXT',100,23);
/*!40000 ALTER TABLE `message` ENABLE KEYS */;
UNLOCK TABLES;

--
-- Table structure for table `question`
--

DROP TABLE IF EXISTS `question`;
/*!40101 SET @saved_cs_client     = @@character_set_client */;
/*!50503 SET character_set_client = utf8mb4 */;
CREATE TABLE `question` (
  `question_id` bigint NOT NULL AUTO_INCREMENT,
  `created_by` varchar(255) DEFAULT NULL,
  `created_date` datetime(6) DEFAULT NULL,
  `modified_by` varchar(255) DEFAULT NULL,
  `modified_date` datetime(6) DEFAULT NULL,
  `content` varchar(2000) DEFAULT NULL,
  `explanation` varchar(2000) DEFAULT NULL,
  `image_location` varchar(255) DEFAULT NULL,
  `video_location` varchar(255) DEFAULT NULL,
  `topic_id` bigint DEFAULT NULL,
  PRIMARY KEY (`question_id`),
  KEY `FK9h1t7swdq9eej6qf9yxtc8g9w` (`topic_id`),
  CONSTRAINT `FK9h1t7swdq9eej6qf9yxtc8g9w` FOREIGN KEY (`topic_id`) REFERENCES `topic` (`topic_id`)
) ENGINE=InnoDB AUTO_INCREMENT=10 DEFAULT CHARSET=utf8mb4 COLLATE=utf8mb4_0900_ai_ci;
/*!40101 SET character_set_client = @saved_cs_client */;

--
-- Dumping data for table `question`
--

LOCK TABLES `question` WRITE;
/*!40000 ALTER TABLE `question` DISABLE KEYS */;
INSERT INTO `question` VALUES (1,'phamquynhltbn12@gmail.com','2024-04-08 10:24:14.867000','phamquynhltbn12@gmail.com','2024-04-08 10:24:14.878000','Đây là con gì','Đây là con cá','https://wetalk.ibme.edu.vn/upload/vocabularies//0119_con%20c%C3%A1.jpg','https://wetalk.ibme.edu.vn/upload/vocabularies//0119_con%20c%C3%A1.mp4',2),(3,'phamquynhltbn12@gmail.com','2024-05-02 14:10:06.122000','phamquynhltbn12@gmail.com','2024-05-02 14:10:06.128000','Con mèo phải không?',NULL,NULL,NULL,2),(4,'phamquynhltbn12@gmail.com','2024-05-02 14:10:36.550000','phamquynhltbn12@gmail.com','2024-05-02 14:10:36.556000','Con chim phải không?',NULL,NULL,NULL,2),(5,'phamquynhltbn12@gmail.com','2024-05-02 14:12:00.997000','phamquynhltbn12@gmail.com','2024-05-02 14:12:01.002000','Con cá là động vật sống ở đâu?',NULL,NULL,NULL,2),(6,'truong8dt@gmail.com','2024-05-02 14:35:51.215000','truong8dt@gmail.com','2024-05-02 14:35:51.222000','Đây là con gì ?','','https://wetalk.ibme.edu.vn/upload/vocabularies//0838_con%20ca.jpg','',2),(7,'hoangquanghuy@gmail.com','2024-05-14 15:39:45.297000','hoangquanghuy@gmail.com','2024-05-14 15:39:45.311000','Đây là con gì','','','https://wetalk.ibme.edu.vn/upload/vocabularies//0493_con%20b%C3%AA.mp4',2),(8,'hoangquanghuy@gmail.com','2024-05-23 02:50:18.832000','hoangquanghuy@gmail.com','2024-05-23 02:50:18.848000','Đây là con gì','','','https://wetalk.ibme.edu.vn/upload/vocabularies//0495_con%20c%C3%B2.mp4',2),(9,'hoangquanghuy@gmail.com','2024-05-23 02:51:17.263000','hoangquanghuy@gmail.com','2024-05-23 02:51:17.269000','Đây là gì?','','','https://wetalk.ibme.edu.vn/upload/vocabularies//01_Co-Hien_100-200_1-2-3_0118___center_device10_signer01_center_ord1_121.mp4',2);
/*!40000 ALTER TABLE `question` ENABLE KEYS */;
UNLOCK TABLES;

--
-- Table structure for table `question_exam_mapping`
--

DROP TABLE IF EXISTS `question_exam_mapping`;
/*!40101 SET @saved_cs_client     = @@character_set_client */;
/*!50503 SET character_set_client = utf8mb4 */;
CREATE TABLE `question_exam_mapping` (
  `question_exam_id` bigint NOT NULL AUTO_INCREMENT,
  `exam_id` bigint NOT NULL,
  `question_id` bigint NOT NULL,
  PRIMARY KEY (`question_exam_id`)
) ENGINE=InnoDB AUTO_INCREMENT=15 DEFAULT CHARSET=utf8mb4 COLLATE=utf8mb4_0900_ai_ci;
/*!40101 SET character_set_client = @saved_cs_client */;

--
-- Dumping data for table `question_exam_mapping`
--

LOCK TABLES `question_exam_mapping` WRITE;
/*!40000 ALTER TABLE `question_exam_mapping` DISABLE KEYS */;
INSERT INTO `question_exam_mapping` VALUES (1,1,1),(2,1,3),(3,1,4),(4,1,5),(5,2,6),(6,2,7),(7,2,8),(8,3,6),(9,3,7),(10,3,8),(11,4,1),(12,4,3),(13,4,4),(14,4,5);
/*!40000 ALTER TABLE `question_exam_mapping` ENABLE KEYS */;
UNLOCK TABLES;

--
-- Table structure for table `role`
--

DROP TABLE IF EXISTS `role`;
/*!40101 SET @saved_cs_client     = @@character_set_client */;
/*!50503 SET character_set_client = utf8mb4 */;
CREATE TABLE `role` (
  `code` varchar(255) NOT NULL,
  `description` varchar(255) DEFAULT NULL,
  `name` varchar(255) DEFAULT NULL,
  PRIMARY KEY (`code`)
) ENGINE=InnoDB DEFAULT CHARSET=utf8mb4 COLLATE=utf8mb4_0900_ai_ci;
/*!40101 SET character_set_client = @saved_cs_client */;

--
-- Dumping data for table `role`
--

LOCK TABLES `role` WRITE;
/*!40000 ALTER TABLE `role` DISABLE KEYS */;
INSERT INTO `role` VALUES ('ADMIN','ADMIN','ADMIN'),('TEACHER','TEACHER','TEACHER'),('USER','USER','USER');
/*!40000 ALTER TABLE `role` ENABLE KEYS */;
UNLOCK TABLES;

--
-- Table structure for table `topic`
--

DROP TABLE IF EXISTS `topic`;
/*!40101 SET @saved_cs_client     = @@character_set_client */;
/*!50503 SET character_set_client = utf8mb4 */;
CREATE TABLE `topic` (
  `topic_id` bigint NOT NULL AUTO_INCREMENT,
  `created_by` varchar(255) DEFAULT NULL,
  `created_date` datetime(6) DEFAULT NULL,
  `modified_by` varchar(255) DEFAULT NULL,
  `modified_date` datetime(6) DEFAULT NULL,
  `content` varchar(255) DEFAULT NULL,
  `image_location` varchar(255) DEFAULT NULL,
  `video_location` varchar(255) DEFAULT NULL,
  `is_private` bit(1) NOT NULL,
  `class_room_id` bigint DEFAULT NULL,
  PRIMARY KEY (`topic_id`),
  KEY `FKt6gi0syesp2u7dh9ahh5qckoe` (`class_room_id`),
  CONSTRAINT `FKt6gi0syesp2u7dh9ahh5qckoe` FOREIGN KEY (`class_room_id`) REFERENCES `class_room` (`class_room_id`)
) ENGINE=InnoDB AUTO_INCREMENT=18 DEFAULT CHARSET=utf8mb4 COLLATE=utf8mb4_0900_ai_ci;
/*!40101 SET character_set_client = @saved_cs_client */;

--
-- Dumping data for table `topic`
--

LOCK TABLES `topic` WRITE;
/*!40000 ALTER TABLE `topic` DISABLE KEYS */;
INSERT INTO `topic` VALUES (2,'phamquynhltbn12@gmail.com','2024-04-08 10:21:27.689000','hoangquanghuy@gmail.com','2024-05-02 02:50:54.546000','Động vật','https://wetalk.ibme.edu.vn/upload/hust-app//dong_vat.jpg','',_binary '\0',NULL),(3,'hoangquanghuy@gmail.com','2024-04-19 04:47:08.880000','hoangquanghuy@gmail.com','2024-04-19 04:47:08.880000','Động vật dưới biển','https://wetalk.ibme.edu.vn/upload/hust-app//0819_con%20m%E1%BB%B1c.jpg',NULL,_binary '\0',NULL),(4,'hoangquanghuy@gmail.com','2024-04-30 11:11:59.901000','hoangquanghuy@gmail.com','2024-04-30 11:11:59.901000','Chưa xác định',NULL,NULL,_binary '\0',NULL),(5,'hoangquanghuy@gmail.com','2024-05-02 02:50:10.470000','hoangquanghuy@gmail.com','2024-05-02 02:50:10.470000','Đồ dùng học tập','https://wetalk.ibme.edu.vn/upload/hust-app//0097_cap_sach.png',NULL,_binary '\0',NULL),(6,'hoangquanghuy@gmail.com','2024-05-02 02:52:40.927000','hoangquanghuy@gmail.com','2024-05-02 02:52:40.927000','Phương tiện giao thông','https://wetalk.ibme.edu.vn/upload/hust-app//phuong-tien-giao-thong.jpg',NULL,_binary '\0',NULL),(7,'hoangquanghuy@gmail.com','2024-05-02 02:56:21.088000','hoangquanghuy@gmail.com','2024-05-02 02:56:21.088000','Củ quả','https://wetalk.ibme.edu.vn/upload/hust-app//cu_qua.jpg',NULL,_binary '\0',NULL),(8,'hoangquanghuy@gmail.com','2024-05-02 05:38:53.711000','hoangquanghuy@gmail.com','2024-05-23 01:40:32.884000','Côn trùng (edit)','https://wetalk.ibme.edu.vn/upload/hust-app//0497_con%20d%E1%BA%BF.jpg','',_binary '\0',NULL),(9,'hoangquanghuy@gmail.com','2024-05-02 05:46:43.202000','hoangquanghuy@gmail.com','2024-05-02 05:46:43.202000','Gia đình','https://wetalk.ibme.edu.vn/upload/hust-app//gia_dinh.jpg',NULL,_binary '\0',1),(10,'hoangquanghuy@gmail.com','2024-05-14 15:44:52.340000','hoangquanghuy@gmail.com','2024-05-14 16:03:28.414000','Bộ phận cơ thể','https://wetalk.ibme.edu.vn/upload/hust-app//Body%20Parts.jpg','',_binary '\0',NULL),(11,'hoangquanghuy@gmail.com','2024-05-14 16:02:06.362000','hoangquanghuy@gmail.com','2024-05-14 16:02:06.362000','Bệnh tật','https://wetalk.ibme.edu.vn/upload/hust-app//B%E1%BB%87nh%20t%E1%BA%ADt.jpg',NULL,_binary '\0',NULL),(12,'phamquynhltbn12@gmail.com','2024-05-30 06:36:06.185000','phamquynhltbn12@gmail.com','2024-05-30 06:36:06.185000','Hành động',NULL,NULL,_binary '\0',NULL),(14,'phamquynhltbn12@gmail.com','2024-06-01 03:24:22.232000','phamquynhltbn12@gmail.com','2024-06-01 03:24:22.232000','Bảng chữ cái',NULL,'',_binary '\0',NULL),(16,'truong8dt@gmail.com','2024-06-02 08:50:50.182000','truong8dt@gmail.com','2024-06-02 08:50:50.182000','con cua',NULL,'',_binary '',1),(17,'truong8dt@gmail.com','2024-06-03 13:41:37.902000','truong8dt@gmail.com','2024-06-03 13:41:37.902000','Con cá ','https://wetalk.ibme.edu.vn/upload/hust-app//0119_con%20c%C3%A1.jpg','',_binary '',1);
/*!40000 ALTER TABLE `topic` ENABLE KEYS */;
UNLOCK TABLES;

--
-- Table structure for table `user`
--

DROP TABLE IF EXISTS `user`;
/*!40101 SET @saved_cs_client     = @@character_set_client */;
/*!50503 SET character_set_client = utf8mb4 */;
CREATE TABLE `user` (
  `user_id` bigint NOT NULL AUTO_INCREMENT,
  `created_by` varchar(255) DEFAULT NULL,
  `created_date` datetime(6) DEFAULT NULL,
  `modified_by` varchar(255) DEFAULT NULL,
  `modified_date` datetime(6) DEFAULT NULL,
  `address` varchar(255) DEFAULT NULL,
  `avatar_location` varchar(255) DEFAULT NULL,
  `birth_day` datetime(6) DEFAULT NULL,
  `email` varchar(255) NOT NULL,
  `gender` enum('FEMALE','MALE') DEFAULT NULL,
  `is_oauth2` bit(1) NOT NULL,
  `name` varchar(255) NOT NULL,
  `password` varchar(255) DEFAULT NULL,
  `phone_number` varchar(255) DEFAULT NULL,
  `code` varchar(255) DEFAULT NULL,
  PRIMARY KEY (`user_id`),
  UNIQUE KEY `UK_ob8kqyqqgmefl0aco34akdtpe` (`email`),
  KEY `FKn3vfurnv0p6bkguxp0os8t1t7` (`code`),
  CONSTRAINT `FKn3vfurnv0p6bkguxp0os8t1t7` FOREIGN KEY (`code`) REFERENCES `role` (`code`)
) ENGINE=InnoDB AUTO_INCREMENT=24 DEFAULT CHARSET=utf8mb4 COLLATE=utf8mb4_0900_ai_ci;
/*!40101 SET character_set_client = @saved_cs_client */;

--
-- Dumping data for table `user`
--

LOCK TABLES `user` WRITE;
/*!40000 ALTER TABLE `user` DISABLE KEYS */;
INSERT INTO `user` VALUES (1,'anonymousUser','2024-04-08 10:04:56.677000','phamquynhltbn12@gmail.com','2024-04-08 15:43:39.423000','Bắc Ninh','https://wetalk.ibme.edu.vn/upload/hust-app//pvq.jpg','2001-07-12 00:00:00.000000','phamquynhltbn12@gmail.com','MALE',_binary '\0','Phạm Văn Quỳnh ltbn','hust','1235689','ADMIN'),(2,'anonymousUser','2024-04-08 10:16:07.382000','anonymousUser','2024-04-08 10:16:07.382000',NULL,NULL,NULL,'quynh12712053@gmail.com',NULL,_binary '\0','Phạm Văn Quỳnh 127','hust',NULL,'ADMIN'),(3,'anonymousUser','2024-04-08 10:17:30.930000','anonymousUser','2024-04-08 10:17:30.930000',NULL,NULL,NULL,'quynh171217@gmail.com',NULL,_binary '\0','Pham Van Quynh 17','hust',NULL,'ADMIN'),(4,'anonymousUser','2024-04-08 12:21:15.974000','truong8dt@gmail.com','2024-05-22 15:12:22.435000','Bắc Ninh','https://wetalk.ibme.edu.vn/upload/hust-app//image.png','2001-01-10 00:00:00.000000','truong8dt@gmail.com','MALE',_binary '\0','Nguyễn Văn Trường  ','12345aA@','0978803231','ADMIN'),(5,'anonymousUser','2024-04-08 12:22:35.147000','truongnguyenduc935@gmail.com','2024-05-22 14:40:47.434000',NULL,'https://wetalk.ibme.edu.vn/upload/hust-app//Banner%20Khuye%CC%82%CC%81n%20Ma%CC%83i%20Te%CC%82%CC%81t.png','2001-01-17 00:00:00.000000','truongnguyenduc935@gmail.com','MALE',_binary '\0','Minh Nguyễn','123456aA@',NULL,'ADMIN'),(6,'anonymousUser','2024-04-08 14:25:46.558000','doanhtv2759@gmail.com','2024-04-19 04:55:06.776000','Namd','https://wetalk.ibme.edu.vn/upload/media-general//1000000037.jpg','2024-04-08 00:00:00.000000','doanhtv2759@gmail.com','MALE',_binary '\0','Doanhrtit','s','0372232323','USER'),(7,'anonymousUser','2024-04-08 15:55:43.514000','anonymousUser','2024-04-08 15:55:43.514000',NULL,NULL,NULL,'hoangquanghuy@gmail.com',NULL,_binary '\0','Hoàng Huy','123456',NULL,'ADMIN'),(8,'anonymousUser','2024-04-11 04:48:45.079000','vdoanh301@gmail.com','2024-04-16 15:08:04.686000','Hanoi','https://wetalk.ibme.edu.vn/upload/media-general//9d9e23b9802028befafb052f7c2af883.jpg','2024-04-11 00:00:00.000000','vdoanh301@gmail.com','MALE',_binary '\0','DoanhPro','s','032323232','USER'),(10,'anonymousUser','2024-04-13 02:14:22.016000','anonymousUser','2024-04-13 02:14:22.016000',NULL,NULL,NULL,'chuyenp32@gmail.com',NULL,_binary '\0','chuyen','123456789',NULL,'ADMIN'),(11,'anonymousUser','2024-04-13 02:30:55.342000','anonymousUser','2024-04-13 02:30:55.342000',NULL,NULL,NULL,'phamdoan060801@gmail.com',NULL,_binary '\0','chuyendz','123456789',NULL,'ADMIN'),(12,'anonymousUser','2024-04-15 11:31:34.039000','hqhuy.bme@gmail.com','2024-04-17 05:05:49.140000','',NULL,'2024-04-17 00:00:00.000000','hqhuy.bme@gmail.com','MALE',_binary '\0','Hoàng Huy BME','123456','0912834422','USER'),(13,'anonymousUser','2024-05-04 04:27:33.953000','vunhatlinh04092001@gmail.com','2024-05-04 04:30:20.023000','Hà Nội','https://wetalk.ibme.edu.vn/upload/media-general//1000000339.jpg','2001-04-09 00:00:00.000000','vunhatlinh04092001@gmail.com','MALE',_binary '\0','Linh K','123456','0375020889','USER'),(16,'anonymousUser','2024-05-16 14:58:09.077000','anonymousUser','2024-05-16 14:58:09.077000',NULL,NULL,NULL,'testwesign2@yopmail.com',NULL,_binary '\0','Nguyễn Văn An','12345aA@',NULL,'ADMIN'),(20,'anonymousUser','2024-05-18 09:01:31.174000','anonymousUser','2024-05-18 09:01:31.174000',NULL,NULL,NULL,'testwesignew@yopmail.com',NULL,_binary '\0','nguyễn Văn A','123456aA@',NULL,'ADMIN'),(21,'anonymousUser','2024-05-23 06:23:10.709000','anonymousUser','2024-05-23 06:23:10.709000',NULL,NULL,NULL,'vutuananh25082000@gmail.com',NULL,_binary '\0','Vũ Tuấn Anh','Nganlanyeuem123',NULL,'ADMIN'),(22,'anonymousUser','2024-05-25 02:22:16.739000','anonymousUser','2024-05-25 02:22:16.739000',NULL,NULL,NULL,'minhnguyen123@yopmail.com',NULL,_binary '\0','Nguyễn Văn Minh','123456aA@',NULL,'USER'),(23,'anonymousUser','2024-06-01 03:02:26.349000','anonymousUser','2024-06-01 03:02:26.349000',NULL,NULL,NULL,'2004hoangcuc@gmail.com',NULL,_binary '\0','Hoàng Cúc','hoangcuc2807',NULL,'USER');
/*!40000 ALTER TABLE `user` ENABLE KEYS */;
UNLOCK TABLES;

--
-- Table structure for table `user_exam_mapping`
--

DROP TABLE IF EXISTS `user_exam_mapping`;
/*!40101 SET @saved_cs_client     = @@character_set_client */;
/*!50503 SET character_set_client = utf8mb4 */;
CREATE TABLE `user_exam_mapping` (
  `user_exam_id` bigint NOT NULL AUTO_INCREMENT,
  `exam_id` bigint NOT NULL,
  `is_finish` bit(1) NOT NULL,
  `score` float NOT NULL,
  `user_id` bigint NOT NULL,
  PRIMARY KEY (`user_exam_id`)
) ENGINE=InnoDB AUTO_INCREMENT=5 DEFAULT CHARSET=utf8mb4 COLLATE=utf8mb4_0900_ai_ci;
/*!40101 SET character_set_client = @saved_cs_client */;

--
-- Dumping data for table `user_exam_mapping`
--

LOCK TABLES `user_exam_mapping` WRITE;
/*!40000 ALTER TABLE `user_exam_mapping` DISABLE KEYS */;
INSERT INTO `user_exam_mapping` VALUES (1,3,_binary '\0',0,1),(2,4,_binary '\0',0,1),(3,1,_binary '',9.8,1),(4,2,_binary '\0',0,1);
/*!40000 ALTER TABLE `user_exam_mapping` ENABLE KEYS */;
UNLOCK TABLES;

--
-- Table structure for table `vocabulary`
--

DROP TABLE IF EXISTS `vocabulary`;
/*!40101 SET @saved_cs_client     = @@character_set_client */;
/*!50503 SET character_set_client = utf8mb4 */;
CREATE TABLE `vocabulary` (
  `vocabulary_id` bigint NOT NULL AUTO_INCREMENT,
  `created_by` varchar(255) DEFAULT NULL,
  `created_date` datetime(6) DEFAULT NULL,
  `modified_by` varchar(255) DEFAULT NULL,
  `modified_date` datetime(6) DEFAULT NULL,
  `content` varchar(255) DEFAULT NULL,
  `topic_id` bigint DEFAULT NULL,
  `note` varchar(255) DEFAULT NULL,
  `vocabulary_type` enum('PARAGRAPH','SENTENCE','WORD') DEFAULT NULL,
  PRIMARY KEY (`vocabulary_id`),
  KEY `FKdtg3eitwnfxdem5ick6ocp3kn` (`topic_id`),
  CONSTRAINT `FKdtg3eitwnfxdem5ick6ocp3kn` FOREIGN KEY (`topic_id`) REFERENCES `topic` (`topic_id`)
) ENGINE=InnoDB AUTO_INCREMENT=138 DEFAULT CHARSET=utf8mb4 COLLATE=utf8mb4_0900_ai_ci;
/*!40101 SET character_set_client = @saved_cs_client */;

--
-- Dumping data for table `vocabulary`
--

LOCK TABLES `vocabulary` WRITE;
/*!40000 ALTER TABLE `vocabulary` DISABLE KEYS */;
INSERT INTO `vocabulary` VALUES (9,'phamquynhltbn12@gmail.com','2024-04-13 11:19:19.352000','phamquynhltbn12@gmail.com','2024-04-13 11:19:19.352000','con chim',2,NULL,'WORD'),(10,'truong8dt@gmail.com','2024-04-14 06:40:23.450000','truong8dt@gmail.com','2024-04-14 06:40:23.450000','con chuột',2,NULL,'WORD'),(16,'truong8dt@gmail.com','2024-04-16 15:51:34.635000','truong8dt@gmail.com','2024-06-02 08:50:39.292000','con chuột',NULL,NULL,'WORD'),(53,'truong8dt@gmail.com','2024-04-16 15:51:34.760000','truong8dt@gmail.com','2024-06-02 08:50:39.292000','con trỏ',NULL,NULL,'WORD'),(69,'truong8dt@gmail.com','2024-04-16 15:52:39.492000','truong8dt@gmail.com','2024-04-16 15:52:39.492000','con cua',2,NULL,'WORD'),(70,'truong8dt@gmail.com','2024-04-16 15:52:39.535000','truong8dt@gmail.com','2024-04-16 15:52:39.535000','con chó',2,NULL,'WORD'),(72,'truong8dt@gmail.com','2024-04-16 15:53:18.985000','truong8dt@gmail.com','2024-04-16 15:53:18.985000','con bò',2,NULL,'WORD'),(74,'truong8dt@gmail.com','2024-04-16 15:56:36.931000','hoangquanghuy@gmail.com','2024-04-30 11:10:04.873000','con cá  (demo)',2,NULL,'WORD'),(75,'phamquynhltbn12@gmail.com','2024-04-17 08:41:33.175000','phamquynhltbn12@gmail.com','2024-04-17 08:41:33.175000','con sò',2,NULL,'WORD'),(76,'phamquynhltbn12@gmail.com','2024-04-17 08:41:33.237000','phamquynhltbn12@gmail.com','2024-04-17 08:41:33.237000','con mèo',2,NULL,'WORD'),(78,'phamquynhltbn12@gmail.com','2024-04-17 08:41:33.296000','phamquynhltbn12@gmail.com','2024-04-17 08:41:33.296000','con bê',2,NULL,'WORD'),(80,'phamquynhltbn12@gmail.com','2024-04-17 08:41:33.355000','phamquynhltbn12@gmail.com','2024-04-17 08:41:33.355000','con cò',2,NULL,'WORD'),(81,'phamquynhltbn12@gmail.com','2024-04-17 08:41:33.379000','phamquynhltbn12@gmail.com','2024-04-17 08:41:33.379000','con cóc',2,NULL,'WORD'),(82,'phamquynhltbn12@gmail.com','2024-04-17 08:41:46.757000','phamquynhltbn12@gmail.com','2024-04-17 08:41:46.757000','con ếch',2,NULL,'WORD'),(83,'phamquynhltbn12@gmail.com','2024-04-17 08:41:46.782000','phamquynhltbn12@gmail.com','2024-04-17 08:41:46.782000','con gà',2,NULL,'WORD'),(85,'phamquynhltbn12@gmail.com','2024-04-17 08:41:46.828000','phamquynhltbn12@gmail.com','2024-04-17 08:41:46.828000','con gái',2,NULL,'WORD'),(86,'phamquynhltbn12@gmail.com','2024-04-17 08:41:46.854000','phamquynhltbn12@gmail.com','2024-04-17 08:41:46.854000','con gấu',2,NULL,'WORD'),(87,'phamquynhltbn12@gmail.com','2024-04-17 08:41:46.885000','phamquynhltbn12@gmail.com','2024-04-17 08:41:46.885000','con ghẹ',2,NULL,'WORD'),(88,'phamquynhltbn12@gmail.com','2024-04-17 08:41:46.912000','phamquynhltbn12@gmail.com','2024-04-17 08:41:46.912000','con hàu',2,NULL,'WORD'),(89,'phamquynhltbn12@gmail.com','2024-04-17 08:41:46.939000','phamquynhltbn12@gmail.com','2024-04-17 08:41:46.939000','con khỉ',2,NULL,'WORD'),(90,'phamquynhltbn12@gmail.com','2024-04-17 09:17:22.874000','phamquynhltbn12@gmail.com','2024-04-17 09:17:22.874000','con voi',2,NULL,'WORD'),(92,'phamquynhltbn12@gmail.com','2024-04-27 15:05:45.276000','phamquynhltbn12@gmail.com','2024-04-27 15:05:45.276000','con mực',3,NULL,'WORD'),(94,'hoangquanghuy@gmail.com','2024-04-30 11:13:23.931000','hoangquanghuy@gmail.com','2024-04-30 11:13:23.931000','con dâu',4,NULL,'WORD'),(95,'hoangquanghuy@gmail.com','2024-04-30 11:13:32.703000','hoangquanghuy@gmail.com','2024-04-30 11:13:32.703000','con đẻ',4,NULL,'WORD'),(96,'truong8dt@gmail.com','2024-05-02 14:49:58.338000','truong8dt@gmail.com','2024-05-02 14:49:58.338000','Con chim',4,NULL,'WORD'),(97,'hoangquanghuy@gmail.com','2024-05-14 15:38:25.831000','hoangquanghuy@gmail.com','2024-05-14 15:38:25.831000','củ tỏi',7,NULL,'WORD'),(98,'hoangquanghuy@gmail.com','2024-05-14 15:45:38.049000','hoangquanghuy@gmail.com','2024-05-14 15:45:38.049000','bàn tay',10,NULL,'WORD'),(99,'hoangquanghuy@gmail.com','2024-05-14 15:48:07.701000','hoangquanghuy@gmail.com','2024-05-14 15:48:07.701000','bàn chân',10,NULL,'WORD'),(100,'hoangquanghuy@gmail.com','2024-05-14 15:51:18.516000','hoangquanghuy@gmail.com','2024-05-14 15:51:18.516000','cổ chân',10,NULL,'WORD'),(101,'hoangquanghuy@gmail.com','2024-05-14 15:51:54.967000','hoangquanghuy@gmail.com','2024-05-14 15:51:54.967000','con ghẹ',3,NULL,'WORD'),(102,'hoangquanghuy@gmail.com','2024-05-14 16:08:04.889000','hoangquanghuy@gmail.com','2024-05-14 16:08:04.889000','mệt mỏi',11,NULL,'WORD'),(103,'hoangquanghuy@gmail.com','2024-05-14 16:11:30.726000','hoangquanghuy@gmail.com','2024-05-14 16:11:30.726000','đau tay',11,NULL,'WORD'),(104,'hoangquanghuy@gmail.com','2024-05-14 16:14:43.824000','hoangquanghuy@gmail.com','2024-05-14 16:14:43.824000','đau bụng',11,NULL,'WORD'),(105,'hoangquanghuy@gmail.com','2024-05-14 16:16:48.094000','hoangquanghuy@gmail.com','2024-05-14 16:16:48.094000','đau mắt',11,NULL,'WORD'),(106,'hoangquanghuy@gmail.com','2024-05-14 16:19:48.672000','hoangquanghuy@gmail.com','2024-05-14 16:19:48.672000','đau mắt đỏ',11,NULL,'WORD'),(107,'hoangquanghuy@gmail.com','2024-05-14 16:23:22.042000','hoangquanghuy@gmail.com','2024-05-14 16:23:22.042000','đau tai',11,NULL,'WORD'),(108,'hoangquanghuy@gmail.com','2024-05-14 16:24:57.680000','hoangquanghuy@gmail.com','2024-05-14 16:24:57.680000','đau chân',11,NULL,'WORD'),(109,'hoangquanghuy@gmail.com','2024-05-16 12:54:40.901000','hoangquanghuy@gmail.com','2024-05-16 12:54:40.901000','con vẹt',2,NULL,'WORD'),(110,'hoangquanghuy@gmail.com','2024-05-23 01:20:27.707000','hoangquanghuy@gmail.com','2024-05-23 01:20:27.707000','con muỗi',2,NULL,'WORD'),(111,'hoangquanghuy@gmail.com','2024-05-23 01:21:00.013000','hoangquanghuy@gmail.com','2024-05-23 01:21:00.013000','con cọp',2,NULL,'WORD'),(112,'hoangquanghuy@gmail.com','2024-05-23 01:21:00.041000','hoangquanghuy@gmail.com','2024-05-23 01:21:00.041000','con cừu',2,NULL,'WORD'),(113,'hoangquanghuy@gmail.com','2024-05-23 01:21:00.068000','hoangquanghuy@gmail.com','2024-05-23 01:21:00.068000','con dế',2,NULL,'WORD'),(114,'hoangquanghuy@gmail.com','2024-05-23 01:21:00.099000','hoangquanghuy@gmail.com','2024-05-23 01:21:00.099000','con lợn (con heo)',2,NULL,'WORD'),(115,'hoangquanghuy@gmail.com','2024-05-23 01:21:00.127000','hoangquanghuy@gmail.com','2024-05-23 01:21:00.127000','con nai',2,NULL,'WORD'),(116,'hoangquanghuy@gmail.com','2024-05-23 01:21:22.607000','hoangquanghuy@gmail.com','2024-05-23 01:21:22.607000','con ốc',2,NULL,'WORD'),(117,'hoangquanghuy@gmail.com','2024-05-23 01:21:22.630000','hoangquanghuy@gmail.com','2024-05-23 01:21:22.630000','con ong',2,NULL,'WORD'),(118,'hoangquanghuy@gmail.com','2024-05-23 01:21:22.653000','hoangquanghuy@gmail.com','2024-05-23 01:21:22.653000','con quạ',2,NULL,'WORD'),(119,'hoangquanghuy@gmail.com','2024-05-23 01:21:22.676000','hoangquanghuy@gmail.com','2024-05-23 01:21:22.676000','con rắn',2,NULL,'WORD'),(120,'hoangquanghuy@gmail.com','2024-05-23 01:21:39.039000','hoangquanghuy@gmail.com','2024-05-23 01:21:39.039000','con rùa',2,NULL,'WORD'),(121,'hoangquanghuy@gmail.com','2024-05-23 01:21:39.062000','hoangquanghuy@gmail.com','2024-05-23 01:21:39.062000','con sâu',2,NULL,'WORD'),(122,'hoangquanghuy@gmail.com','2024-05-23 01:21:54.951000','hoangquanghuy@gmail.com','2024-05-23 01:21:54.951000','con sóc',2,NULL,'WORD'),(123,'hoangquanghuy@gmail.com','2024-05-23 01:21:54.974000','hoangquanghuy@gmail.com','2024-05-23 01:21:54.974000','con sói',2,NULL,'WORD'),(124,'hoangquanghuy@gmail.com','2024-05-23 01:22:15.402000','hoangquanghuy@gmail.com','2024-05-23 01:22:15.402000','con tôm',2,NULL,'WORD'),(125,'hoangquanghuy@gmail.com','2024-05-23 01:22:15.425000','hoangquanghuy@gmail.com','2024-05-23 01:22:15.425000','con vịt',2,NULL,'WORD'),(126,'hoangquanghuy@gmail.com','2024-05-23 01:22:15.446000','hoangquanghuy@gmail.com','2024-05-23 01:22:15.446000','con_chim',2,NULL,'WORD'),(127,'hoangquanghuy@gmail.com','2024-05-23 01:22:15.468000','hoangquanghuy@gmail.com','2024-05-23 01:22:15.468000','dê con',2,NULL,'WORD'),(128,'hoangquanghuy@gmail.com','2024-05-23 01:22:28.862000','hoangquanghuy@gmail.com','2024-05-23 01:22:28.862000','con thỏ',2,NULL,'WORD'),(129,'hoangquanghuy@gmail.com','2024-05-23 01:22:47.502000','hoangquanghuy@gmail.com','2024-05-23 01:22:47.502000','con dê',8,NULL,'WORD'),(130,'hoangquanghuy@gmail.com','2024-05-23 01:22:47.523000','hoangquanghuy@gmail.com','2024-05-23 01:22:47.523000','côn trùng',8,NULL,'WORD'),(131,'truong8dt@gmail.com','2024-06-01 00:00:11.647000','truong8dt@gmail.com','2024-06-02 08:50:39.292000','con_chim',NULL,NULL,NULL),(132,'truong8dt@gmail.com','2024-06-01 00:00:11.658000','truong8dt@gmail.com','2024-06-02 08:50:39.293000','con cá',NULL,NULL,NULL),(133,'truong8dt@gmail.com','2024-06-01 00:00:11.662000','truong8dt@gmail.com','2024-06-02 08:50:39.293000','con cá - Copy',NULL,NULL,NULL),(134,'truong8dt@gmail.com','2024-06-01 00:00:11.682000','truong8dt@gmail.com','2024-06-02 08:50:39.293000','con chim',NULL,NULL,NULL),(135,'phamquynhltbn12@gmail.com','2024-06-01 03:25:49.699000','phamquynhltbn12@gmail.com','2024-06-01 03:25:49.699000','A',14,NULL,NULL),(136,'truong8dt@gmail.com','2024-06-04 13:54:02.294000','truong8dt@gmail.com','2024-06-04 13:54:02.294000','Trâu năm sáu tuổi còn nhanh\nBò năm sáu tuổi đã tranh về già\nĐồng chiêm xin chớ nuôi bò\nMùa đông tháng giá, bò dò làm sao!',2,'Ca dao về con bò','SENTENCE'),(137,'truong8dt@gmail.com','2024-06-04 14:46:05.703000','truong8dt@gmail.com','2024-06-04 14:46:05.703000','con trỏ',2,NULL,'WORD');
/*!40000 ALTER TABLE `vocabulary` ENABLE KEYS */;
UNLOCK TABLES;

--
-- Table structure for table `vocabulary_image`
--

DROP TABLE IF EXISTS `vocabulary_image`;
/*!40101 SET @saved_cs_client     = @@character_set_client */;
/*!50503 SET character_set_client = utf8mb4 */;
CREATE TABLE `vocabulary_image` (
  `vocabulary_image_id` bigint NOT NULL AUTO_INCREMENT,
  `created_by` varchar(255) DEFAULT NULL,
  `created_date` datetime(6) DEFAULT NULL,
  `modified_by` varchar(255) DEFAULT NULL,
  `modified_date` datetime(6) DEFAULT NULL,
  `image_location` varchar(255) DEFAULT NULL,
  `is_primary` bit(1) NOT NULL,
  `vocabulary_id` bigint DEFAULT NULL,
  PRIMARY KEY (`vocabulary_image_id`),
  KEY `FKlnpmkqih9sri9d63gj3foc5oo` (`vocabulary_id`),
  CONSTRAINT `FKlnpmkqih9sri9d63gj3foc5oo` FOREIGN KEY (`vocabulary_id`) REFERENCES `vocabulary` (`vocabulary_id`)
) ENGINE=InnoDB AUTO_INCREMENT=168 DEFAULT CHARSET=utf8mb4 COLLATE=utf8mb4_0900_ai_ci;
/*!40101 SET character_set_client = @saved_cs_client */;

--
-- Dumping data for table `vocabulary_image`
--

LOCK TABLES `vocabulary_image` WRITE;
/*!40000 ALTER TABLE `vocabulary_image` DISABLE KEYS */;
INSERT INTO `vocabulary_image` VALUES (11,'truong8dt@gmail.com','2024-04-14 06:40:23.455000','truong8dt@gmail.com','2024-04-14 06:40:23.455000','https://wetalk.ibme.edu.vn/upload/vocabularies//0122_con%20chu%E1%BB%99t.png',_binary '',10),(17,'truong8dt@gmail.com','2024-04-16 15:51:34.636000','truong8dt@gmail.com','2024-04-16 15:51:34.636000','https://wetalk.ibme.edu.vn/upload/vocabularies//0122_con%20chu%E1%BB%99t.png',_binary '',16),(54,'truong8dt@gmail.com','2024-04-16 15:51:34.762000','truong8dt@gmail.com','2024-04-18 11:00:38.390000',NULL,_binary '\0',53),(70,'truong8dt@gmail.com','2024-04-16 15:52:39.498000','truong8dt@gmail.com','2024-04-16 15:52:39.498000','https://wetalk.ibme.edu.vn/upload/vocabularies//0811_con%20cua.jpg',_binary '',69),(71,'truong8dt@gmail.com','2024-04-16 15:52:39.539000','truong8dt@gmail.com','2024-04-16 15:52:39.539000','https://wetalk.ibme.edu.vn/upload/vocabularies//0120_con%20ch%C3%B3.jpg',_binary '',70),(73,'truong8dt@gmail.com','2024-04-16 15:53:18.989000','truong8dt@gmail.com','2024-04-16 15:53:18.989000','https://wetalk.ibme.edu.vn/upload/vocabularies//0494_con%20b%C3%B2.png',_binary '',72),(75,'truong8dt@gmail.com','2024-04-16 15:56:36.937000','truong8dt@gmail.com','2024-06-03 16:10:39.544000','https://wetalk.ibme.edu.vn/upload/vocabularies//0838_con%20ca.jpg',_binary '\0',74),(79,'phamquynhltbn12@gmail.com','2024-04-17 08:41:33.184000','phamquynhltbn12@gmail.com','2024-04-17 08:41:33.184000','https://wetalk.ibme.edu.vn/upload/vocabularies//0501_con%20s%C3%B2.jpg',_binary '',75),(80,'phamquynhltbn12@gmail.com','2024-04-17 08:41:33.242000','phamquynhltbn12@gmail.com','2024-04-17 08:41:33.242000',NULL,_binary '',76),(82,'phamquynhltbn12@gmail.com','2024-04-17 08:41:33.302000','phamquynhltbn12@gmail.com','2024-04-17 08:41:33.302000','https://wetalk.ibme.edu.vn/upload/vocabularies//0493_con%20b%C3%AA.jpg',_binary '',78),(84,'phamquynhltbn12@gmail.com','2024-04-17 08:41:33.359000','phamquynhltbn12@gmail.com','2024-04-17 08:41:33.359000','https://wetalk.ibme.edu.vn/upload/vocabularies//0495_con%20c%C3%B2.jpg',_binary '',80),(85,'phamquynhltbn12@gmail.com','2024-04-17 08:41:33.384000','phamquynhltbn12@gmail.com','2024-04-17 08:41:33.384000','https://wetalk.ibme.edu.vn/upload/vocabularies//0809_con%20c%C3%B3c.png',_binary '',81),(86,'phamquynhltbn12@gmail.com','2024-04-17 08:41:46.762000','phamquynhltbn12@gmail.com','2024-04-17 08:41:46.762000','https://wetalk.ibme.edu.vn/upload/vocabularies//0814_con%20%E1%BA%BFch.jpg',_binary '',82),(87,'phamquynhltbn12@gmail.com','2024-04-17 08:41:46.786000','phamquynhltbn12@gmail.com','2024-04-17 08:41:46.786000','https://wetalk.ibme.edu.vn/upload/vocabularies//0499_con%20g%C3%A0.jpg',_binary '',83),(89,'phamquynhltbn12@gmail.com','2024-04-17 08:41:46.832000','phamquynhltbn12@gmail.com','2024-04-17 08:41:46.832000',NULL,_binary '',85),(90,'phamquynhltbn12@gmail.com','2024-04-17 08:41:46.860000','phamquynhltbn12@gmail.com','2024-04-17 08:41:46.860000','https://wetalk.ibme.edu.vn/upload/vocabularies//0816_con%20g%E1%BA%A5u.jpg',_binary '',86),(91,'phamquynhltbn12@gmail.com','2024-04-17 08:41:46.890000','phamquynhltbn12@gmail.com','2024-04-17 08:41:46.890000','https://wetalk.ibme.edu.vn/upload/vocabularies//0817_con%20gh%E1%BA%B9.jpg',_binary '',87),(92,'phamquynhltbn12@gmail.com','2024-04-17 08:41:46.916000','phamquynhltbn12@gmail.com','2024-04-17 08:41:46.916000','https://wetalk.ibme.edu.vn/upload/vocabularies//0659_con%20h%C3%A0u.jpg',_binary '',88),(93,'phamquynhltbn12@gmail.com','2024-04-17 08:41:46.943000','phamquynhltbn12@gmail.com','2024-04-17 08:41:46.943000','https://wetalk.ibme.edu.vn/upload/vocabularies//0818_con%20kh%E1%BB%89.jpg',_binary '',89),(94,'phamquynhltbn12@gmail.com','2024-04-17 09:17:22.879000','phamquynhltbn12@gmail.com','2024-04-17 09:17:22.879000','https://wetalk.ibme.edu.vn/upload/vocabularies//0835_con%20voi.jpg',_binary '',90),(95,'phamquynhltbn12@gmail.com','2024-04-17 13:53:45.827000','truong8dt@gmail.com','2024-06-03 16:10:39.548000','https://wetalk.ibme.edu.vn/upload/hust-app//0119_con%20c%C3%A1.jpg',_binary '',74),(100,'truong8dt@gmail.com','2024-04-18 11:00:28.533000','truong8dt@gmail.com','2024-04-18 11:00:38.394000','https://wetalk.ibme.edu.vn/upload/vocabularies//0120_con%20ch%C3%B3.jpg',_binary '',53),(104,'phamquynhltbn12@gmail.com','2024-04-27 15:05:45.281000','phamquynhltbn12@gmail.com','2024-04-27 15:05:45.281000','https://wetalk.ibme.edu.vn/upload/vocabularies//0819_con%20m%E1%BB%B1c.jpg',_binary '',92),(107,'hoangquanghuy@gmail.com','2024-04-30 11:13:23.935000','hoangquanghuy@gmail.com','2024-04-30 11:13:23.935000',NULL,_binary '',94),(108,'hoangquanghuy@gmail.com','2024-04-30 11:13:32.707000','hoangquanghuy@gmail.com','2024-04-30 11:13:32.707000',NULL,_binary '',95),(114,'truong8dt@gmail.com','2024-05-02 14:37:36.158000','truong8dt@gmail.com','2024-06-03 14:24:56.730000','https://wetalk.ibme.edu.vn/upload/vocabularies//0121_con_chim.gif',_binary '',9),(115,'truong8dt@gmail.com','2024-05-02 14:49:58.340000','truong8dt@gmail.com','2024-05-02 14:49:58.340000','https://wetalk.ibme.edu.vn/upload/hust-app//0121_con_chim.gif',_binary '',96),(116,'hoangquanghuy@gmail.com','2024-05-14 15:38:25.841000','hoangquanghuy@gmail.com','2024-05-14 15:38:25.841000','https://wetalk.ibme.edu.vn/upload/vocabularies//139_cu_toi.jpg',_binary '',97),(117,'hoangquanghuy@gmail.com','2024-05-14 15:38:25.843000','hoangquanghuy@gmail.com','2024-05-14 15:38:25.843000','',_binary '\0',97),(118,'hoangquanghuy@gmail.com','2024-05-14 15:45:38.051000','hoangquanghuy@gmail.com','2024-05-14 15:45:38.051000','https://wetalk.ibme.edu.vn/upload/hust-app//bantay_2.jpg',_binary '',98),(119,'hoangquanghuy@gmail.com','2024-05-14 15:46:02.027000','hoangquanghuy@gmail.com','2024-05-14 15:46:02.027000','https://wetalk.ibme.edu.vn/upload/vocabularies//bantay_3.jpg',_binary '\0',98),(120,'hoangquanghuy@gmail.com','2024-05-14 15:48:07.703000','hoangquanghuy@gmail.com','2024-05-14 15:48:07.703000','https://wetalk.ibme.edu.vn/upload/hust-app//B%C3%A0n%20ch%C3%A2n_1.jpg',_binary '',99),(121,'hoangquanghuy@gmail.com','2024-05-14 15:48:17.966000','hoangquanghuy@gmail.com','2024-05-14 15:48:17.966000','https://wetalk.ibme.edu.vn/upload/vocabularies//B%C3%A0n%20ch%C3%A2n_2.jpg',_binary '\0',99),(122,'hoangquanghuy@gmail.com','2024-05-14 15:51:18.518000','hoangquanghuy@gmail.com','2024-05-14 15:51:18.518000','https://wetalk.ibme.edu.vn/upload/hust-app//C%E1%BB%95%20ch%C3%A2n_2.jpg',_binary '',100),(123,'hoangquanghuy@gmail.com','2024-05-14 15:51:54.972000','hoangquanghuy@gmail.com','2024-05-14 15:51:54.972000','https://wetalk.ibme.edu.vn/upload/vocabularies//0817_con%20gh%E1%BA%B9.jpg',_binary '',101),(124,'hoangquanghuy@gmail.com','2024-05-14 16:08:04.891000','hoangquanghuy@gmail.com','2024-05-14 16:08:04.891000','https://wetalk.ibme.edu.vn/upload/hust-app//m%E1%BB%87t%20m%E1%BB%8Fi_1.jpg',_binary '',102),(125,'hoangquanghuy@gmail.com','2024-05-14 16:11:30.728000','hoangquanghuy@gmail.com','2024-05-14 16:11:30.728000','https://wetalk.ibme.edu.vn/upload/hust-app//%C4%91au%20tay_1.jpg',_binary '',103),(126,'hoangquanghuy@gmail.com','2024-05-14 16:14:43.825000','hoangquanghuy@gmail.com','2024-05-14 16:14:43.825000','https://wetalk.ibme.edu.vn/upload/hust-app//%C4%91au%20b%E1%BB%A5ng_2.jpg',_binary '',104),(127,'hoangquanghuy@gmail.com','2024-05-14 16:14:52.642000','hoangquanghuy@gmail.com','2024-05-14 16:14:52.642000','https://wetalk.ibme.edu.vn/upload/vocabularies//%C4%91au%20b%E1%BB%A5ng_1.jpg',_binary '\0',104),(128,'hoangquanghuy@gmail.com','2024-05-14 16:16:48.096000','hoangquanghuy@gmail.com','2024-05-14 16:16:48.096000','https://wetalk.ibme.edu.vn/upload/hust-app//%C4%91au%20m%E1%BA%AFt.jpg',_binary '',105),(129,'hoangquanghuy@gmail.com','2024-05-14 16:19:48.674000','hoangquanghuy@gmail.com','2024-05-14 16:19:48.674000','https://wetalk.ibme.edu.vn/upload/hust-app//%C4%91au%20m%E1%BA%AFt%20%C4%91%E1%BB%8F_1.jpg',_binary '',106),(130,'hoangquanghuy@gmail.com','2024-05-14 16:20:01.489000','hoangquanghuy@gmail.com','2024-05-14 16:20:01.489000','https://wetalk.ibme.edu.vn/upload/vocabularies//%C4%91au%20m%E1%BA%AFt%20%C4%91%E1%BB%8F_2.jpg',_binary '\0',106),(131,'hoangquanghuy@gmail.com','2024-05-14 16:23:22.043000','hoangquanghuy@gmail.com','2024-05-14 16:23:22.043000','https://wetalk.ibme.edu.vn/upload/hust-app//%C4%91au%20tai_1.jpg',_binary '',107),(132,'hoangquanghuy@gmail.com','2024-05-14 16:23:41.067000','hoangquanghuy@gmail.com','2024-05-14 16:23:41.067000','https://wetalk.ibme.edu.vn/upload/vocabularies//%C4%91au%20tai_2.jpg',_binary '\0',107),(133,'hoangquanghuy@gmail.com','2024-05-14 16:24:57.682000','hoangquanghuy@gmail.com','2024-05-14 16:24:57.682000','https://wetalk.ibme.edu.vn/upload/hust-app//%C4%91au%20ch%C3%A2n_1.jpg',_binary '',108),(134,'hoangquanghuy@gmail.com','2024-05-14 16:25:08.122000','hoangquanghuy@gmail.com','2024-05-14 16:25:08.122000','https://wetalk.ibme.edu.vn/upload/vocabularies//%C4%91au%20ch%C3%A2n_2.jpg',_binary '\0',108),(135,'hoangquanghuy@gmail.com','2024-05-16 12:54:40.937000','hoangquanghuy@gmail.com','2024-05-16 12:54:40.937000','https://wetalk.ibme.edu.vn/upload/vocabularies//0833_con%20v%E1%BA%B9t.jpg',_binary '',109),(136,'hoangquanghuy@gmail.com','2024-05-23 01:20:27.717000','hoangquanghuy@gmail.com','2024-05-23 01:20:27.717000','https://wetalk.ibme.edu.vn/upload/vocabularies//0124_con%20mu%E1%BB%97i.webp',_binary '',110),(137,'hoangquanghuy@gmail.com','2024-05-23 01:21:00.019000','hoangquanghuy@gmail.com','2024-05-23 01:21:00.019000','https://wetalk.ibme.edu.vn/upload/vocabularies//0810_con%20c%E1%BB%8Dp.jpg',_binary '',111),(138,'hoangquanghuy@gmail.com','2024-05-23 01:21:00.045000','hoangquanghuy@gmail.com','2024-05-23 01:21:00.045000','https://wetalk.ibme.edu.vn/upload/vocabularies//0812_con%20c%E1%BB%ABu.jpg',_binary '',112),(139,'hoangquanghuy@gmail.com','2024-05-23 01:21:00.073000','hoangquanghuy@gmail.com','2024-05-23 01:21:00.073000','https://wetalk.ibme.edu.vn/upload/vocabularies//0497_con%20d%E1%BA%BF.jpg',_binary '',113),(140,'hoangquanghuy@gmail.com','2024-05-23 01:21:00.105000','hoangquanghuy@gmail.com','2024-05-23 01:21:00.105000','https://wetalk.ibme.edu.vn/upload/vocabularies//0123_con%20l%E1%BB%A3n%20%28con%20heo%29.png',_binary '',114),(141,'hoangquanghuy@gmail.com','2024-05-23 01:21:00.131000','hoangquanghuy@gmail.com','2024-05-23 01:21:00.131000','https://wetalk.ibme.edu.vn/upload/vocabularies//0820_con%20nai.jpg',_binary '',115),(142,'hoangquanghuy@gmail.com','2024-05-23 01:21:22.612000','hoangquanghuy@gmail.com','2024-05-23 01:21:22.612000','https://wetalk.ibme.edu.vn/upload/vocabularies//0500_con%20%E1%BB%91c.jpg',_binary '',116),(143,'hoangquanghuy@gmail.com','2024-05-23 01:21:22.634000','hoangquanghuy@gmail.com','2024-05-23 01:21:22.634000','https://wetalk.ibme.edu.vn/upload/vocabularies//0821_con%20ong.png',_binary '',117),(144,'hoangquanghuy@gmail.com','2024-05-23 01:21:22.657000','hoangquanghuy@gmail.com','2024-05-23 01:21:22.657000','https://wetalk.ibme.edu.vn/upload/vocabularies//0822_con%20qu%E1%BA%A1.jpg',_binary '',118),(145,'hoangquanghuy@gmail.com','2024-05-23 01:21:22.679000','hoangquanghuy@gmail.com','2024-05-23 01:21:22.679000','https://wetalk.ibme.edu.vn/upload/vocabularies//0823_con%20r%E1%BA%AFn.jpg',_binary '',119),(146,'hoangquanghuy@gmail.com','2024-05-23 01:21:39.044000','hoangquanghuy@gmail.com','2024-05-23 01:21:39.044000',NULL,_binary '',120),(147,'hoangquanghuy@gmail.com','2024-05-23 01:21:39.066000','hoangquanghuy@gmail.com','2024-05-23 01:21:39.066000','https://wetalk.ibme.edu.vn/upload/vocabularies//0826_con%20s%C3%A2u.jpg',_binary '',121),(148,'hoangquanghuy@gmail.com','2024-05-23 01:21:54.956000','hoangquanghuy@gmail.com','2024-05-23 01:21:54.956000','https://wetalk.ibme.edu.vn/upload/vocabularies//0827_con%20s%C3%B3c.jpg',_binary '',122),(149,'hoangquanghuy@gmail.com','2024-05-23 01:21:54.978000','hoangquanghuy@gmail.com','2024-05-23 01:21:54.978000','https://wetalk.ibme.edu.vn/upload/vocabularies//0828_con%20s%C3%B3i.jpg',_binary '',123),(150,'hoangquanghuy@gmail.com','2024-05-23 01:22:15.407000','hoangquanghuy@gmail.com','2024-05-23 01:22:15.407000','https://wetalk.ibme.edu.vn/upload/vocabularies//0831_con%20t%C3%B4m.jpg',_binary '',124),(151,'hoangquanghuy@gmail.com','2024-05-23 01:22:15.428000','hoangquanghuy@gmail.com','2024-05-23 01:22:15.428000','https://wetalk.ibme.edu.vn/upload/vocabularies//0834_con%20v%E1%BB%8Bt.jpg',_binary '',125),(152,'hoangquanghuy@gmail.com','2024-05-23 01:22:15.450000','hoangquanghuy@gmail.com','2024-05-23 01:22:15.450000','https://wetalk.ibme.edu.vn/upload/vocabularies//0121_con_chim.gif',_binary '',126),(153,'hoangquanghuy@gmail.com','2024-05-23 01:22:15.471000','hoangquanghuy@gmail.com','2024-05-23 01:22:15.471000','https://wetalk.ibme.edu.vn/upload/vocabularies//0530_d%C3%AA%20con.jpg',_binary '',127),(154,'hoangquanghuy@gmail.com','2024-05-23 01:22:28.866000','hoangquanghuy@gmail.com','2024-05-23 01:22:28.866000','https://wetalk.ibme.edu.vn/upload/vocabularies//0830_con%20th%E1%BB%8F.jpg',_binary '',128),(155,'hoangquanghuy@gmail.com','2024-05-23 01:22:47.506000','hoangquanghuy@gmail.com','2024-05-23 01:22:47.506000','https://wetalk.ibme.edu.vn/upload/vocabularies//0496_con%20d%C3%AA.jpg',_binary '',129),(156,'hoangquanghuy@gmail.com','2024-05-23 01:22:47.526000','hoangquanghuy@gmail.com','2024-05-23 01:22:47.526000',NULL,_binary '',130),(158,'truong8dt@gmail.com','2024-06-01 00:00:11.655000','truong8dt@gmail.com','2024-06-01 00:00:11.655000','https://wetalk.ibme.edu.vn/upload/vocabularies//0121_con_chim.gif',_binary '',131),(159,'truong8dt@gmail.com','2024-06-01 00:00:11.659000','truong8dt@gmail.com','2024-06-01 00:00:11.659000','https://wetalk.ibme.edu.vn/upload/vocabularies//0119_con%20c%C3%A1.jpg',_binary '',132),(160,'truong8dt@gmail.com','2024-06-01 00:00:11.663000','truong8dt@gmail.com','2024-06-01 00:00:11.663000','https://wetalk.ibme.edu.vn/upload/vocabularies//0119_con%20c%C3%A1%20-%20Copy.jpg',_binary '',133),(161,'truong8dt@gmail.com','2024-06-01 00:00:11.684000','truong8dt@gmail.com','2024-06-01 00:00:11.684000',NULL,_binary '',134),(162,'phamquynhltbn12@gmail.com','2024-06-01 03:25:49.701000','phamquynhltbn12@gmail.com','2024-06-01 03:25:49.701000','https://wetalk.ibme.edu.vn/upload/hust-app//IMG_0094.JPG',_binary '',135),(165,'truong8dt@gmail.com','2024-06-04 13:54:02.308000','truong8dt@gmail.com','2024-06-04 13:54:02.308000','https://wetalk.ibme.edu.vn/upload/hust-app//0493_con%20b%C3%AA.jpg',_binary '',136),(166,'truong8dt@gmail.com','2024-06-04 14:46:05.709000','truong8dt@gmail.com','2024-06-04 14:46:05.709000',NULL,_binary '\0',137),(167,'truong8dt@gmail.com','2024-06-04 14:46:05.710000','truong8dt@gmail.com','2024-06-04 14:46:05.710000','https://wetalk.ibme.edu.vn/upload/vocabularies//0120_con%20ch%C3%B3.jpg',_binary '',137);
/*!40000 ALTER TABLE `vocabulary_image` ENABLE KEYS */;
UNLOCK TABLES;

--
-- Table structure for table `vocabulary_video`
--

DROP TABLE IF EXISTS `vocabulary_video`;
/*!40101 SET @saved_cs_client     = @@character_set_client */;
/*!50503 SET character_set_client = utf8mb4 */;
CREATE TABLE `vocabulary_video` (
  `vocabulary_video_id` bigint NOT NULL AUTO_INCREMENT,
  `created_by` varchar(255) DEFAULT NULL,
  `created_date` datetime(6) DEFAULT NULL,
  `modified_by` varchar(255) DEFAULT NULL,
  `modified_date` datetime(6) DEFAULT NULL,
  `is_primary` bit(1) NOT NULL,
  `video_location` varchar(255) DEFAULT NULL,
  `vocabulary_id` bigint DEFAULT NULL,
  PRIMARY KEY (`vocabulary_video_id`),
  KEY `FKrg36qrk5reo4fidttev18jmuf` (`vocabulary_id`),
  CONSTRAINT `FKrg36qrk5reo4fidttev18jmuf` FOREIGN KEY (`vocabulary_id`) REFERENCES `vocabulary` (`vocabulary_id`)
) ENGINE=InnoDB AUTO_INCREMENT=178 DEFAULT CHARSET=utf8mb4 COLLATE=utf8mb4_0900_ai_ci;
/*!40101 SET character_set_client = @saved_cs_client */;

--
-- Dumping data for table `vocabulary_video`
--

LOCK TABLES `vocabulary_video` WRITE;
/*!40000 ALTER TABLE `vocabulary_video` DISABLE KEYS */;
INSERT INTO `vocabulary_video` VALUES (8,'phamquynhltbn12@gmail.com','2024-04-13 11:19:19.365000','truong8dt@gmail.com','2024-06-04 14:16:27.386000',_binary '','https://wetalk.ibme.edu.vn/upload/vocabularies//0121_con%20chim.mp4',9),(11,'truong8dt@gmail.com','2024-04-14 06:40:23.459000','truong8dt@gmail.com','2024-04-14 06:40:23.459000',_binary '','https://wetalk.ibme.edu.vn/upload/vocabularies//0122_con%20chu%E1%BB%99t.mp4',10),(17,'truong8dt@gmail.com','2024-04-16 15:51:34.638000','truong8dt@gmail.com','2024-04-16 15:51:34.638000',_binary '','https://wetalk.ibme.edu.vn/upload/vocabularies//0122_con%20chu%E1%BB%99t.mp4',16),(54,'truong8dt@gmail.com','2024-04-16 15:51:34.763000','truong8dt@gmail.com','2024-04-18 11:00:39.751000',_binary '','https://wetalk.ibme.edu.vn/upload/vocabularies//0832_con%20tr%E1%BB%8F.mp4',53),(70,'truong8dt@gmail.com','2024-04-16 15:52:39.501000','truong8dt@gmail.com','2024-04-16 15:52:39.501000',_binary '','https://wetalk.ibme.edu.vn/upload/vocabularies//0811_con%20cua.mp4',69),(71,'truong8dt@gmail.com','2024-04-16 15:52:39.542000','truong8dt@gmail.com','2024-04-16 15:52:39.542000',_binary '','https://wetalk.ibme.edu.vn/upload/vocabularies//0120_con%20ch%C3%B3.mp4',70),(73,'truong8dt@gmail.com','2024-04-16 15:53:18.991000','truong8dt@gmail.com','2024-04-16 15:53:18.991000',_binary '','https://wetalk.ibme.edu.vn/upload/vocabularies//0494_con%20b%C3%B2.mp4',72),(75,'truong8dt@gmail.com','2024-04-16 15:56:36.941000','quynh171217@gmail.com','2024-04-17 14:15:41.515000',_binary '\0','https://wetalk.ibme.edu.vn/upload/vocabularies//0837_con%20ca.mp4',74),(78,'phamquynhltbn12@gmail.com','2024-04-17 08:41:33.196000','phamquynhltbn12@gmail.com','2024-04-17 08:41:33.196000',_binary '','https://wetalk.ibme.edu.vn/upload/vocabularies//0501_con%20s%C3%B2.mp4',75),(79,'phamquynhltbn12@gmail.com','2024-04-17 08:41:33.246000','phamquynhltbn12@gmail.com','2024-04-17 08:41:33.246000',_binary '','https://wetalk.ibme.edu.vn/upload/vocabularies//0125_con%20m%C3%A8o.mp4',76),(81,'phamquynhltbn12@gmail.com','2024-04-17 08:41:33.306000','phamquynhltbn12@gmail.com','2024-04-17 08:41:33.306000',_binary '','https://wetalk.ibme.edu.vn/upload/vocabularies//0493_con%20b%C3%AA.mp4',78),(83,'phamquynhltbn12@gmail.com','2024-04-17 08:41:33.362000','phamquynhltbn12@gmail.com','2024-04-17 08:41:33.362000',_binary '','https://wetalk.ibme.edu.vn/upload/vocabularies//0495_con%20c%C3%B2.mp4',80),(84,'phamquynhltbn12@gmail.com','2024-04-17 08:41:33.387000','phamquynhltbn12@gmail.com','2024-04-17 08:41:33.387000',_binary '','https://wetalk.ibme.edu.vn/upload/vocabularies//0809_con%20c%C3%B3c.mp4',81),(85,'phamquynhltbn12@gmail.com','2024-04-17 08:41:46.765000','phamquynhltbn12@gmail.com','2024-04-17 08:41:46.765000',_binary '','https://wetalk.ibme.edu.vn/upload/vocabularies//0814_con%20%E1%BA%BFch.mp4',82),(86,'phamquynhltbn12@gmail.com','2024-04-17 08:41:46.789000','phamquynhltbn12@gmail.com','2024-04-17 08:41:46.789000',_binary '','https://wetalk.ibme.edu.vn/upload/vocabularies//0499_con%20g%C3%A0.mp4',83),(88,'phamquynhltbn12@gmail.com','2024-04-17 08:41:46.836000','phamquynhltbn12@gmail.com','2024-04-17 08:41:46.836000',_binary '','https://wetalk.ibme.edu.vn/upload/vocabularies//0815_con%20g%C3%A1i.mp4',85),(89,'phamquynhltbn12@gmail.com','2024-04-17 08:41:46.864000','phamquynhltbn12@gmail.com','2024-04-17 08:41:46.864000',_binary '','https://wetalk.ibme.edu.vn/upload/vocabularies//0816_con%20g%E1%BA%A5u.mp4',86),(90,'phamquynhltbn12@gmail.com','2024-04-17 08:41:46.894000','phamquynhltbn12@gmail.com','2024-04-17 08:41:46.894000',_binary '','https://wetalk.ibme.edu.vn/upload/vocabularies//0817_con%20gh%E1%BA%B9.mp4',87),(91,'phamquynhltbn12@gmail.com','2024-04-17 08:41:46.920000','phamquynhltbn12@gmail.com','2024-04-17 08:41:46.920000',_binary '','https://wetalk.ibme.edu.vn/upload/vocabularies//0659_con%20h%C3%A0u.mp4',88),(92,'phamquynhltbn12@gmail.com','2024-04-17 08:41:46.946000','phamquynhltbn12@gmail.com','2024-04-17 08:41:46.946000',_binary '','https://wetalk.ibme.edu.vn/upload/vocabularies//0818_con%20kh%E1%BB%89.mp4',89),(93,'phamquynhltbn12@gmail.com','2024-04-17 09:17:22.882000','phamquynhltbn12@gmail.com','2024-04-17 09:17:22.882000',_binary '','https://wetalk.ibme.edu.vn/upload/vocabularies//0835_con%20voi.mp4',90),(94,'phamquynhltbn12@gmail.com','2024-04-17 13:53:45.894000','quynh171217@gmail.com','2024-04-17 14:15:51.524000',_binary '','https://wetalk.ibme.edu.vn/upload/hust-app//0119_con%20c%C3%A1.mp4',74),(99,'truong8dt@gmail.com','2024-04-18 11:00:28.795000','truong8dt@gmail.com','2024-04-18 11:00:39.747000',_binary '\0',NULL,53),(100,'truong8dt@gmail.com','2024-04-18 11:00:28.811000','truong8dt@gmail.com','2024-04-18 11:00:28.811000',_binary '\0','https://wetalk.ibme.edu.vn/upload/vocabularies//0120_con%20ch%C3%B3.mp4',53),(103,'phamquynhltbn12@gmail.com','2024-04-27 15:05:45.284000','phamquynhltbn12@gmail.com','2024-04-27 15:05:45.284000',_binary '','https://wetalk.ibme.edu.vn/upload/vocabularies//0819_con%20m%E1%BB%B1c.mp4',92),(107,'hoangquanghuy@gmail.com','2024-04-30 11:13:23.938000','hoangquanghuy@gmail.com','2024-04-30 11:13:23.938000',_binary '','https://wetalk.ibme.edu.vn/upload/vocabularies//0813_con%20d%C3%A2u.mp4',94),(108,'hoangquanghuy@gmail.com','2024-04-30 11:13:32.710000','hoangquanghuy@gmail.com','2024-04-30 11:13:32.710000',_binary '','https://wetalk.ibme.edu.vn/upload/vocabularies//0498_con%20%C4%91%E1%BA%BB.mp4',95),(118,'truong8dt@gmail.com','2024-05-02 14:49:58.341000','truong8dt@gmail.com','2024-05-02 14:49:58.341000',_binary '','https://wetalk.ibme.edu.vn/upload/hust-app//0121_con%20chim.mp4',96),(119,'hoangquanghuy@gmail.com','2024-05-14 15:38:25.854000','hoangquanghuy@gmail.com','2024-05-14 15:38:25.854000',_binary '','https://wetalk.ibme.edu.vn/upload/vocabularies//0141_c%E1%BB%A7%20t%E1%BB%8Fi.mp4',97),(120,'hoangquanghuy@gmail.com','2024-05-14 15:45:38.052000','hoangquanghuy@gmail.com','2024-05-14 15:45:38.052000',_binary '','https://wetalk.ibme.edu.vn/upload/hust-app//0248_b%C3%A0n%20tay.mp4',98),(121,'hoangquanghuy@gmail.com','2024-05-14 15:48:07.704000','hoangquanghuy@gmail.com','2024-05-14 15:48:07.704000',_binary '','https://wetalk.ibme.edu.vn/upload/hust-app//0244_b%C3%A0n%20ch%C3%A2n.mp4',99),(122,'hoangquanghuy@gmail.com','2024-05-14 15:51:18.519000','hoangquanghuy@gmail.com','2024-05-14 15:51:18.519000',_binary '','https://wetalk.ibme.edu.vn/upload/hust-app//0836_c%E1%BB%95%20ch%C3%A2n.mp4',100),(123,'hoangquanghuy@gmail.com','2024-05-14 15:51:54.975000','hoangquanghuy@gmail.com','2024-05-14 15:51:54.975000',_binary '','https://wetalk.ibme.edu.vn/upload/vocabularies//0817_con%20gh%E1%BA%B9.mp4',101),(124,'hoangquanghuy@gmail.com','2024-05-14 16:08:04.892000','hoangquanghuy@gmail.com','2024-05-14 16:08:04.892000',_binary '','https://wetalk.ibme.edu.vn/upload/hust-app//0186_m%E1%BB%87t%20m%E1%BB%8Fi.mp4',102),(125,'hoangquanghuy@gmail.com','2024-05-14 16:11:30.729000','hoangquanghuy@gmail.com','2024-05-14 16:11:30.729000',_binary '','https://wetalk.ibme.edu.vn/upload/hust-app//0189_%C4%91au%20tay.mp4',103),(126,'hoangquanghuy@gmail.com','2024-05-14 16:14:43.827000','hoangquanghuy@gmail.com','2024-05-14 16:14:43.827000',_binary '','https://wetalk.ibme.edu.vn/upload/hust-app//0188_%C4%91au%20b%E1%BB%A5ng.mp4',104),(127,'hoangquanghuy@gmail.com','2024-05-14 16:16:48.097000','hoangquanghuy@gmail.com','2024-05-14 16:16:48.097000',_binary '','https://wetalk.ibme.edu.vn/upload/hust-app//0187_%C4%91au%20m%E1%BA%AFt.mp4',105),(128,'hoangquanghuy@gmail.com','2024-05-14 16:19:48.675000','hoangquanghuy@gmail.com','2024-05-14 16:19:48.675000',_binary '','https://wetalk.ibme.edu.vn/upload/hust-app//0210_%C4%91au%20m%E1%BA%AFt%20%C4%91%E1%BB%8F.mp4',106),(129,'hoangquanghuy@gmail.com','2024-05-14 16:23:22.044000','hoangquanghuy@gmail.com','2024-05-14 16:23:22.044000',_binary '','https://wetalk.ibme.edu.vn/upload/hust-app//0191_%C4%91au%20tai.mp4',107),(130,'hoangquanghuy@gmail.com','2024-05-14 16:24:57.683000','hoangquanghuy@gmail.com','2024-05-14 16:24:57.683000',_binary '','https://wetalk.ibme.edu.vn/upload/hust-app//0190_%C4%91au%20ch%C3%A2n.mp4',108),(131,'hoangquanghuy@gmail.com','2024-05-16 12:54:40.950000','hoangquanghuy@gmail.com','2024-05-16 12:54:40.950000',_binary '','https://wetalk.ibme.edu.vn/upload/vocabularies//0833_con%20v%E1%BA%B9t.mp4',109),(132,'hoangquanghuy@gmail.com','2024-05-23 01:13:22.302000','hoangquanghuy@gmail.com','2024-05-23 01:13:22.302000',_binary '\0','https://wetalk.ibme.edu.vn/upload/vocabularies//01_Co-Hien_100-200_1-2-3_0118___center_device10_signer01_center_ord1_118.mp4',74),(133,'hoangquanghuy@gmail.com','2024-05-23 01:15:45.474000','hoangquanghuy@gmail.com','2024-05-23 01:15:45.474000',_binary '\0','https://wetalk.ibme.edu.vn/upload/vocabularies//18_Tuoi_1-200_7-8-9_0119___center_device39_signer18_center_ord1_118.mp4',74),(134,'hoangquanghuy@gmail.com','2024-05-23 01:16:18.915000','hoangquanghuy@gmail.com','2024-05-23 01:16:18.915000',_binary '\0','https://wetalk.ibme.edu.vn/upload/vocabularies//18_Tuoi_1-200_7-8-9_0119___center_device39_signer18_center_ord1_119.mp4',70),(135,'hoangquanghuy@gmail.com','2024-05-23 01:18:16.446000','truong8dt@gmail.com','2024-06-04 14:16:27.383000',_binary '\0',NULL,9),(136,'hoangquanghuy@gmail.com','2024-05-23 01:18:34.922000','hoangquanghuy@gmail.com','2024-05-23 01:18:34.922000',_binary '\0','https://wetalk.ibme.edu.vn/upload/vocabularies//18_Tuoi_1-200_7-8-9_0119___center_device39_signer18_center_ord1_121.mp4',10),(137,'hoangquanghuy@gmail.com','2024-05-23 01:20:27.726000','hoangquanghuy@gmail.com','2024-05-23 01:20:27.726000',_binary '','https://wetalk.ibme.edu.vn/upload/vocabularies//0124_con%20mu%E1%BB%97i.mp4',110),(138,'hoangquanghuy@gmail.com','2024-05-23 01:21:00.022000','hoangquanghuy@gmail.com','2024-05-23 01:21:00.022000',_binary '','https://wetalk.ibme.edu.vn/upload/vocabularies//0810_con%20c%E1%BB%8Dp.mp4',111),(139,'hoangquanghuy@gmail.com','2024-05-23 01:21:00.049000','hoangquanghuy@gmail.com','2024-05-23 01:21:00.049000',_binary '','https://wetalk.ibme.edu.vn/upload/vocabularies//0812_con%20c%E1%BB%ABu.mp4',112),(140,'hoangquanghuy@gmail.com','2024-05-23 01:21:00.077000','hoangquanghuy@gmail.com','2024-05-23 01:21:00.077000',_binary '','https://wetalk.ibme.edu.vn/upload/vocabularies//0497_con%20d%E1%BA%BF.mp4',113),(141,'hoangquanghuy@gmail.com','2024-05-23 01:21:00.109000','hoangquanghuy@gmail.com','2024-05-23 01:21:00.109000',_binary '','https://wetalk.ibme.edu.vn/upload/vocabularies//0123_con%20l%E1%BB%A3n%20%28con%20heo%29.mp4',114),(142,'hoangquanghuy@gmail.com','2024-05-23 01:21:00.134000','hoangquanghuy@gmail.com','2024-05-23 01:21:00.134000',_binary '','https://wetalk.ibme.edu.vn/upload/vocabularies//0820_con%20nai.mp4',115),(143,'hoangquanghuy@gmail.com','2024-05-23 01:21:22.615000','hoangquanghuy@gmail.com','2024-05-23 01:21:22.615000',_binary '','https://wetalk.ibme.edu.vn/upload/vocabularies//0500_con%20%E1%BB%91c.mp4',116),(144,'hoangquanghuy@gmail.com','2024-05-23 01:21:22.637000','hoangquanghuy@gmail.com','2024-05-23 01:21:22.637000',_binary '','https://wetalk.ibme.edu.vn/upload/vocabularies//0821_con%20ong.mp4',117),(145,'hoangquanghuy@gmail.com','2024-05-23 01:21:22.660000','hoangquanghuy@gmail.com','2024-05-23 01:21:22.660000',_binary '','https://wetalk.ibme.edu.vn/upload/vocabularies//0822_con%20qu%E1%BA%A1.mp4',118),(146,'hoangquanghuy@gmail.com','2024-05-23 01:21:22.683000','hoangquanghuy@gmail.com','2024-05-23 01:21:22.683000',_binary '','https://wetalk.ibme.edu.vn/upload/vocabularies//0823_con%20r%E1%BA%AFn.mp4',119),(147,'hoangquanghuy@gmail.com','2024-05-23 01:21:39.047000','hoangquanghuy@gmail.com','2024-05-23 01:21:39.047000',_binary '','https://wetalk.ibme.edu.vn/upload/vocabularies//0825_con%20r%C3%B9a.mp4',120),(148,'hoangquanghuy@gmail.com','2024-05-23 01:21:39.069000','hoangquanghuy@gmail.com','2024-05-23 01:21:39.069000',_binary '','https://wetalk.ibme.edu.vn/upload/vocabularies//0826_con%20s%C3%A2u.mp4',121),(149,'hoangquanghuy@gmail.com','2024-05-23 01:21:54.959000','hoangquanghuy@gmail.com','2024-05-23 01:21:54.959000',_binary '','https://wetalk.ibme.edu.vn/upload/vocabularies//0827_con%20s%C3%B3c.mp4',122),(150,'hoangquanghuy@gmail.com','2024-05-23 01:21:54.980000','hoangquanghuy@gmail.com','2024-05-23 01:21:54.980000',_binary '','https://wetalk.ibme.edu.vn/upload/vocabularies//0828_con%20s%C3%B3i.mp4',123),(151,'hoangquanghuy@gmail.com','2024-05-23 01:22:15.410000','hoangquanghuy@gmail.com','2024-05-23 01:22:15.410000',_binary '','https://wetalk.ibme.edu.vn/upload/vocabularies//0831_con%20t%C3%B4m.mp4',124),(152,'hoangquanghuy@gmail.com','2024-05-23 01:22:15.431000','hoangquanghuy@gmail.com','2024-05-23 01:22:15.431000',_binary '','https://wetalk.ibme.edu.vn/upload/vocabularies//0834_con%20v%E1%BB%8Bt.mp4',125),(153,'hoangquanghuy@gmail.com','2024-05-23 01:22:15.453000','hoangquanghuy@gmail.com','2024-05-23 01:22:15.453000',_binary '',NULL,126),(154,'hoangquanghuy@gmail.com','2024-05-23 01:22:15.474000','hoangquanghuy@gmail.com','2024-05-23 01:22:15.474000',_binary '','https://wetalk.ibme.edu.vn/upload/vocabularies//0530_d%C3%AA%20con.mp4',127),(155,'hoangquanghuy@gmail.com','2024-05-23 01:22:28.869000','hoangquanghuy@gmail.com','2024-05-23 01:22:28.869000',_binary '','https://wetalk.ibme.edu.vn/upload/vocabularies//0830_con%20th%E1%BB%8F.mp4',128),(156,'hoangquanghuy@gmail.com','2024-05-23 01:22:47.509000','hoangquanghuy@gmail.com','2024-05-23 01:22:47.509000',_binary '','https://wetalk.ibme.edu.vn/upload/vocabularies//0496_con%20d%C3%AA.mp4',129),(157,'hoangquanghuy@gmail.com','2024-05-23 01:22:47.529000','hoangquanghuy@gmail.com','2024-05-23 01:22:47.529000',_binary '','https://wetalk.ibme.edu.vn/upload/vocabularies//0128_c%C3%B4n%20tr%C3%B9ng.mp4',130),(158,'hoangquanghuy@gmail.com','2024-05-23 01:25:55.231000','hoangquanghuy@gmail.com','2024-05-23 01:25:55.231000',_binary '\0','https://wetalk.ibme.edu.vn/upload/vocabularies//18_Tuoi_1-200_7-8-9_0119___center_device39_signer18_center_ord1_122.mp4',114),(159,'hoangquanghuy@gmail.com','2024-05-23 01:26:23.590000','hoangquanghuy@gmail.com','2024-05-23 01:26:23.590000',_binary '\0','https://wetalk.ibme.edu.vn/upload/vocabularies//18_Tuoi_1-200_7-8-9_0119___center_device39_signer18_center_ord1_123.mp4',110),(160,'hoangquanghuy@gmail.com','2024-05-23 01:26:48.451000','hoangquanghuy@gmail.com','2024-05-23 01:26:48.451000',_binary '\0','https://wetalk.ibme.edu.vn/upload/vocabularies//18_Tuoi_1-200_7-8-9_0119___center_device39_signer18_center_ord1_124.mp4',76),(161,'hoangquanghuy@gmail.com','2024-05-23 01:28:41.978000','hoangquanghuy@gmail.com','2024-05-23 01:28:41.978000',_binary '\0','https://wetalk.ibme.edu.vn/upload/vocabularies//01_Co-Hien_100-200_1-2-3_0118___center_device10_signer01_center_ord1_124.mp4',76),(162,'hoangquanghuy@gmail.com','2024-05-23 01:29:25.964000','hoangquanghuy@gmail.com','2024-05-23 01:29:25.964000',_binary '\0','https://wetalk.ibme.edu.vn/upload/vocabularies//01_Co-Hien_100-200_1-2-3_0118___center_device10_signer01_center_ord1_123.mp4',110),(163,'hoangquanghuy@gmail.com','2024-05-23 01:29:45.846000','hoangquanghuy@gmail.com','2024-05-23 01:29:45.846000',_binary '\0','https://wetalk.ibme.edu.vn/upload/vocabularies//01_Co-Hien_100-200_1-2-3_0118___center_device10_signer01_center_ord1_122.mp4',114),(164,'hoangquanghuy@gmail.com','2024-05-23 01:30:30.556000','hoangquanghuy@gmail.com','2024-05-23 01:30:30.556000',_binary '\0','https://wetalk.ibme.edu.vn/upload/vocabularies//01_Co-Hien_100-200_1-2-3_0118___center_device10_signer01_center_ord1_121.mp4',10),(166,'hoangquanghuy@gmail.com','2024-05-23 01:31:17.713000','hoangquanghuy@gmail.com','2024-05-23 01:31:17.713000',_binary '\0','https://wetalk.ibme.edu.vn/upload/vocabularies//01_Co-Hien_100-200_1-2-3_0118___center_device10_signer01_center_ord1_119.mp4',70),(167,'truong8dt@gmail.com','2024-06-01 00:00:11.657000','truong8dt@gmail.com','2024-06-01 00:00:11.657000',_binary '',NULL,131),(168,'truong8dt@gmail.com','2024-06-01 00:00:11.660000','truong8dt@gmail.com','2024-06-01 00:00:11.660000',_binary '','https://wetalk.ibme.edu.vn/upload/vocabularies//0119_con%20c%C3%A1.mp4',132),(169,'truong8dt@gmail.com','2024-06-01 00:00:11.664000','truong8dt@gmail.com','2024-06-01 00:00:11.664000',_binary '','https://wetalk.ibme.edu.vn/upload/vocabularies//0119_con%20c%C3%A1%20-%20Copy.mp4',133),(170,'truong8dt@gmail.com','2024-06-01 00:00:11.686000','truong8dt@gmail.com','2024-06-01 00:00:11.686000',_binary '','https://wetalk.ibme.edu.vn/upload/vocabularies//0121_con%20chim.mp4',134),(171,'phamquynhltbn12@gmail.com','2024-06-01 03:25:49.702000','phamquynhltbn12@gmail.com','2024-06-01 03:25:49.702000',_binary '','https://wetalk.ibme.edu.vn/upload/hust-app//LNHU8377.MOV',135),(174,'truong8dt@gmail.com','2024-06-04 13:54:02.310000','truong8dt@gmail.com','2024-06-04 13:54:02.310000',_binary '','https://wetalk.ibme.edu.vn/upload/hust-app//0494_con%20b%C3%B2.mp4',136),(175,'truong8dt@gmail.com','2024-06-04 14:46:05.714000','truong8dt@gmail.com','2024-06-04 14:46:05.714000',_binary '','https://wetalk.ibme.edu.vn/upload/vocabularies//0832_con%20tr%E1%BB%8F.mp4',137),(176,'truong8dt@gmail.com','2024-06-04 14:46:05.715000','truong8dt@gmail.com','2024-06-04 14:46:05.715000',_binary '\0',NULL,137),(177,'truong8dt@gmail.com','2024-06-04 14:46:05.716000','truong8dt@gmail.com','2024-06-04 14:46:05.716000',_binary '\0','https://wetalk.ibme.edu.vn/upload/vocabularies//0120_con%20ch%C3%B3.mp4',137);
/*!40000 ALTER TABLE `vocabulary_video` ENABLE KEYS */;
UNLOCK TABLES;
/*!40103 SET TIME_ZONE=@OLD_TIME_ZONE */;

/*!40101 SET SQL_MODE=@OLD_SQL_MODE */;
/*!40014 SET FOREIGN_KEY_CHECKS=@OLD_FOREIGN_KEY_CHECKS */;
/*!40014 SET UNIQUE_CHECKS=@OLD_UNIQUE_CHECKS */;
/*!40101 SET CHARACTER_SET_CLIENT=@OLD_CHARACTER_SET_CLIENT */;
/*!40101 SET CHARACTER_SET_RESULTS=@OLD_CHARACTER_SET_RESULTS */;
/*!40101 SET COLLATION_CONNECTION=@OLD_COLLATION_CONNECTION */;
/*!40111 SET SQL_NOTES=@OLD_SQL_NOTES */;

-- Dump completed on 2024-06-05 16:05:14
