-- MySQL dump 10.13  Distrib 8.0.38, for Win64 (x86_64)
--
-- Host: 202.191.56.11    Database: hustappuser
-- ------------------------------------------------------
-- Server version	8.0.36

/*!40101 SET @OLD_CHARACTER_SET_CLIENT=@@CHARACTER_SET_CLIENT */;
/*!40101 SET @OLD_CHARACTER_SET_RESULTS=@@CHARACTER_SET_RESULTS */;
/*!40101 SET @OLD_COLLATION_CONNECTION=@@COLLATION_CONNECTION */;
/*!50503 SET NAMES utf8 */;
/*!40103 SET @OLD_TIME_ZONE=@@TIME_ZONE */;
/*!40103 SET TIME_ZONE='+00:00' */;
/*!40014 SET @OLD_UNIQUE_CHECKS=@@UNIQUE_CHECKS, UNIQUE_CHECKS=0 */;
/*!40014 SET @OLD_FOREIGN_KEY_CHECKS=@@FOREIGN_KEY_CHECKS, FOREIGN_KEY_CHECKS=0 */;
/*!40101 SET @OLD_SQL_MODE=@@SQL_MODE, SQL_MODE='NO_AUTO_VALUE_ON_ZERO' */;
/*!40111 SET @OLD_SQL_NOTES=@@SQL_NOTES, SQL_NOTES=0 */;

--
-- Table structure for table `answer`
--

DROP TABLE IF EXISTS `answer`;
/*!40101 SET @saved_cs_client     = @@character_set_client */;
/*!50503 SET character_set_client = utf8mb4 */;
CREATE TABLE `answer` (
  `answer_id` bigint NOT NULL AUTO_INCREMENT,
  `created_by` varchar(255) DEFAULT NULL,
  `created_date` datetime(6) DEFAULT NULL,
  `modified_by` varchar(255) DEFAULT NULL,
  `modified_date` datetime(6) DEFAULT NULL,
  `content` varchar(255) DEFAULT NULL,
  `image_location` varchar(255) DEFAULT NULL,
  `is_correct` bit(1) NOT NULL,
  `video_location` varchar(255) DEFAULT NULL,
  `question_id` bigint DEFAULT NULL,
  PRIMARY KEY (`answer_id`),
  KEY `FK8frr4bcabmmeyyu60qt7iiblo` (`question_id`),
  CONSTRAINT `FK8frr4bcabmmeyyu60qt7iiblo` FOREIGN KEY (`question_id`) REFERENCES `question` (`question_id`)
) ENGINE=InnoDB AUTO_INCREMENT=209 DEFAULT CHARSET=utf8mb4 COLLATE=utf8mb4_0900_ai_ci;
/*!40101 SET character_set_client = @saved_cs_client */;

--
-- Dumping data for table `answer`
--

LOCK TABLES `answer` WRITE;
/*!40000 ALTER TABLE `answer` DISABLE KEYS */;
INSERT INTO `answer` VALUES (120,'giaovien@gmail.com','2024-07-03 06:50:56.964000','giaovien@gmail.com','2024-07-03 06:50:56.964000','con thỏ','',_binary '','',27),(121,'giaovien@gmail.com','2024-07-03 06:50:56.966000','giaovien@gmail.com','2024-07-03 06:50:56.966000','con chó','',_binary '\0','',27),(122,'giaovien@gmail.com','2024-07-03 06:50:56.967000','giaovien@gmail.com','2024-07-03 06:50:56.967000','con mèo','',_binary '\0','',27),(123,'giaovien@gmail.com','2024-07-03 06:50:56.968000','giaovien@gmail.com','2024-07-03 06:50:56.968000','con dê','',_binary '\0','',27),(124,'giaovien@gmail.com','2024-07-03 06:50:56.994000','giaovien@gmail.com','2024-07-03 06:50:56.994000','con dê','',_binary '','',28),(125,'giaovien@gmail.com','2024-07-03 06:50:56.995000','giaovien@gmail.com','2024-07-03 06:50:56.995000','con thỏ','',_binary '\0','',28),(126,'giaovien@gmail.com','2024-07-03 06:50:56.997000','giaovien@gmail.com','2024-07-03 06:50:56.997000','con mèo','',_binary '\0','',28),(127,'giaovien@gmail.com','2024-07-03 06:50:56.998000','giaovien@gmail.com','2024-07-03 06:50:56.998000','con chó','',_binary '\0','',28),(128,'giaovien@gmail.com','2024-07-03 06:50:57.014000','giaovien@gmail.com','2024-07-03 06:50:57.014000','con mực','',_binary '','',29),(129,'giaovien@gmail.com','2024-07-03 06:50:57.015000','giaovien@gmail.com','2024-07-03 06:50:57.015000','con cá','',_binary '\0','',29),(130,'giaovien@gmail.com','2024-07-03 06:50:57.016000','giaovien@gmail.com','2024-07-03 06:50:57.016000','con chim','',_binary '\0','',29),(131,'giaovien@gmail.com','2024-07-03 06:50:57.018000','giaovien@gmail.com','2024-07-03 06:50:57.018000','con tôm','',_binary '\0','',29),(132,'giaovien@gmail.com','2024-07-03 06:50:57.035000','giaovien@gmail.com','2024-07-03 06:51:18.586000','con mực','',_binary '\0','',30),(133,'giaovien@gmail.com','2024-07-03 06:50:57.037000','truong8dt@gmail.com','2024-07-03 15:48:51.972000','con ghẹ','',_binary '\0','',30),(134,'giaovien@gmail.com','2024-07-03 06:50:57.038000','truong8dt@gmail.com','2024-07-03 15:48:51.972000','con cá','',_binary '','',30),(135,'giaovien@gmail.com','2024-07-03 06:50:57.039000','giaovien@gmail.com','2024-07-03 06:50:57.039000','con chim','',_binary '\0','',30),(136,'giaovien@gmail.com','2024-07-04 05:40:26.037000','giaovien@gmail.com','2024-07-04 05:40:42.933000','bực mình','',_binary '\0','',31),(137,'giaovien@gmail.com','2024-07-04 05:40:26.038000','giaovien@gmail.com','2024-07-04 05:40:26.038000','hạnh phúc','',_binary '\0','',31),(138,'giaovien@gmail.com','2024-07-04 05:40:26.038000','giaovien@gmail.com','2024-07-04 05:40:26.038000','sợ hãi','',_binary '\0','',31),(139,'giaovien@gmail.com','2024-07-04 05:40:26.039000','giaovien@gmail.com','2024-07-04 05:40:26.039000','vui mừng','',_binary '','',31),(140,'giaovien@gmail.com','2024-07-04 05:40:26.065000','giaovien@gmail.com','2024-07-05 14:19:52.821000','vui mừng','',_binary '','',32),(141,'giaovien@gmail.com','2024-07-04 05:44:23.830000','giaovien@gmail.com','2024-07-04 05:44:23.830000','bực mình','',_binary '','',33),(142,'giaovien@gmail.com','2024-07-04 05:44:23.830000','giaovien@gmail.com','2024-07-04 05:44:23.830000','hạnh phúc','',_binary '\0','',33),(143,'giaovien@gmail.com','2024-07-04 05:44:23.831000','giaovien@gmail.com','2024-07-04 05:44:23.831000','sợ hãi','',_binary '\0','',33),(144,'giaovien@gmail.com','2024-07-04 05:44:23.831000','giaovien@gmail.com','2024-07-04 05:44:23.831000','vui mừng','',_binary '\0','',33),(145,'giaovien@gmail.com','2024-07-04 05:48:02.413000','giaovien@gmail.com','2024-07-04 05:48:02.413000','bực mình','',_binary '','',34),(146,'giaovien@gmail.com','2024-07-04 05:48:02.413000','giaovien@gmail.com','2024-07-04 05:48:02.413000','hạnh phúc','',_binary '\0','',34),(147,'giaovien@gmail.com','2024-07-04 05:48:02.414000','giaovien@gmail.com','2024-07-04 05:48:02.414000','sợ hãi','',_binary '\0','',34),(148,'giaovien@gmail.com','2024-07-04 05:48:02.415000','giaovien@gmail.com','2024-07-04 05:48:02.415000','vui mừng','',_binary '\0','',34),(149,'giaovien@gmail.com','2024-07-04 06:38:18.112000','giaovien@gmail.com','2024-07-04 06:38:34.662000','con thỏ','',_binary '\0','',35),(150,'giaovien@gmail.com','2024-07-04 06:38:18.113000','giaovien@gmail.com','2024-07-04 06:38:18.113000','con chó','',_binary '\0','',35),(151,'giaovien@gmail.com','2024-07-04 06:38:18.113000','giaovien@gmail.com','2024-07-04 06:38:18.113000','con mực','',_binary '\0','',35),(152,'giaovien@gmail.com','2024-07-04 06:38:18.114000','giaovien@gmail.com','2024-07-04 06:38:18.114000','con cá','',_binary '','',35),(155,'giaovien@gmail.com','2024-07-04 06:41:16.433000','giaovien@gmail.com','2024-07-04 06:41:16.433000','con chó','',_binary '','',38),(156,'giaovien@gmail.com','2024-07-04 06:41:16.434000','giaovien@gmail.com','2024-07-04 06:41:16.434000','con thỏ','',_binary '\0','',38),(157,'giaovien@gmail.com','2024-07-04 06:41:16.434000','giaovien@gmail.com','2024-07-04 06:41:16.434000','con lợn','',_binary '\0','',38),(158,'giaovien@gmail.com','2024-07-04 06:41:16.435000','giaovien@gmail.com','2024-07-04 06:41:16.435000','con dê','',_binary '\0','',38),(159,'giaovien@gmail.com','2024-07-04 06:42:09.953000','giaovien@gmail.com','2024-07-04 06:42:09.953000','con chuột','',_binary '','',39),(160,'giaovien@gmail.com','2024-07-04 06:42:09.954000','giaovien@gmail.com','2024-07-04 06:42:09.954000','con chó','',_binary '\0','',39),(161,'giaovien@gmail.com','2024-07-04 06:42:09.954000','giaovien@gmail.com','2024-07-04 06:42:09.954000','con lợn','',_binary '\0','',39),(162,'giaovien@gmail.com','2024-07-04 06:42:09.955000','giaovien@gmail.com','2024-07-04 06:42:09.955000','con dê','',_binary '\0','',39),(164,'giaovien@gmail.com','2024-07-04 06:44:50.148000','admin@gmail.com','2024-07-04 13:44:34.267000','con lợn (con heo) 1','',_binary '\0','',41),(165,'giaovien@gmail.com','2024-07-04 06:44:50.149000','bennguyen2@yopmail.com','2024-07-06 03:52:07.684000','con chó 1','',_binary '\0','',41),(166,'giaovien@gmail.com','2024-07-04 06:44:50.150000','bennguyen2@yopmail.com','2024-07-06 03:52:19.481000','con thỏ 1','',_binary '\0','',41),(170,'giaovien@gmail.com','2024-07-05 14:19:52.808000','giaovien@gmail.com','2024-07-05 14:19:52.808000','bực mình','',_binary '\0','',32),(171,'giaovien@gmail.com','2024-07-05 14:19:52.811000','giaovien@gmail.com','2024-07-05 14:19:52.811000','hạnh phúc','',_binary '\0','',32),(172,'giaovien@gmail.com','2024-07-05 14:19:52.813000','giaovien@gmail.com','2024-07-05 14:19:52.813000','sợ hãi','',_binary '\0','',32),(174,'bennguyen2@yopmail.com','2024-07-06 03:52:19.478000','bennguyen2@yopmail.com','2024-07-06 03:53:03.876000','Củ tỏi','',_binary '','',41),(175,'truong8dt@gmail.com','2024-07-10 15:27:38.966000','truong8dt@gmail.com','2024-07-10 15:27:57.703000','Con cá','',_binary '\0','',42),(176,'truong8dt@gmail.com','2024-07-10 15:27:38.967000','truong8dt@gmail.com','2024-07-10 15:27:38.967000','Con bê','',_binary '\0','',42),(177,'truong8dt@gmail.com','2024-07-10 15:27:38.968000','truong8dt@gmail.com','2024-07-10 15:27:38.968000','Con chim sẻ','',_binary '','',42),(178,'truong8dt@gmail.com','2024-07-10 15:27:38.978000','truong8dt@gmail.com','2024-07-10 15:27:38.978000','Con mực','',_binary '','',43),(179,'truong8dt@gmail.com','2024-07-10 15:27:38.979000','truong8dt@gmail.com','2024-07-10 15:27:38.979000','Con chó','',_binary '\0','',43),(180,'truong8dt@gmail.com','2024-07-10 15:27:38.980000','truong8dt@gmail.com','2024-07-10 15:27:38.980000','Con thỏ','',_binary '\0','',43),(181,'truong8dt@gmail.com','2024-07-10 16:18:15.772000','truong8dt@gmail.com','2024-07-10 16:18:15.772000','Con cá','',_binary '','',44),(182,'truong8dt@gmail.com','2024-07-10 16:18:15.773000','truong8dt@gmail.com','2024-07-10 16:18:15.773000','Con cua','',_binary '\0','',44),(183,'truong8dt@gmail.com','2024-07-10 16:18:15.774000','truong8dt@gmail.com','2024-07-10 16:18:15.774000','Con chim sẻ','',_binary '\0','',44),(184,'truong8dt@gmail.com','2024-07-10 16:18:15.785000','truong8dt@gmail.com','2024-07-10 16:19:09.954000','Con bò','',_binary '\0','',45),(185,'truong8dt@gmail.com','2024-07-10 16:18:15.786000','truong8dt@gmail.com','2024-07-10 16:19:09.954000','Con chó','',_binary '\0','',45),(186,'truong8dt@gmail.com','2024-07-10 16:18:15.787000','truong8dt@gmail.com','2024-07-10 16:19:09.955000','Con thỏ','',_binary '','',45),(188,'giaovien@gmail.com','2024-07-10 17:13:25.168000','giaovien@gmail.com','2024-07-10 17:16:34.342000','Việt Nam','',_binary '','',47),(189,'giaovien@gmail.com','2024-07-10 17:16:34.338000','giaovien@gmail.com','2024-07-10 17:16:34.338000','Trung Quốc','',_binary '\0','',47),(190,'giaovien@gmail.com','2024-07-10 17:16:34.340000','giaovien@gmail.com','2024-07-10 17:16:34.340000','Hàn Quốc','',_binary '\0','',47);
/*!40000 ALTER TABLE `answer` ENABLE KEYS */;
UNLOCK TABLES;

--
-- Table structure for table `class_room`
--

DROP TABLE IF EXISTS `class_room`;
/*!40101 SET @saved_cs_client     = @@character_set_client */;
/*!50503 SET character_set_client = utf8mb4 */;
CREATE TABLE `class_room` (
  `class_room_id` bigint NOT NULL AUTO_INCREMENT,
  `created_by` varchar(255) DEFAULT NULL,
  `created_date` datetime(6) DEFAULT NULL,
  `modified_by` varchar(255) DEFAULT NULL,
  `modified_date` datetime(6) DEFAULT NULL,
  `content` varchar(255) DEFAULT NULL,
  `image_location` varchar(255) DEFAULT NULL,
  PRIMARY KEY (`class_room_id`)
) ENGINE=InnoDB AUTO_INCREMENT=19 DEFAULT CHARSET=utf8mb4 COLLATE=utf8mb4_0900_ai_ci;
/*!40101 SET character_set_client = @saved_cs_client */;

--
-- Dumping data for table `class_room`
--

LOCK TABLES `class_room` WRITE;
/*!40000 ALTER TABLE `class_room` DISABLE KEYS */;
INSERT INTO `class_room` VALUES (2,'phamquynhltbn12@gmail.com','2024-05-30 08:42:57.666000','admin@gmail.com','2024-07-11 00:41:35.375000','Lớp 1','https://wetalk.ibme.edu.vn/upload/hust-app//l%E1%BB%9Bp%201.jpg'),(14,'giaovien@gmail.com','2024-07-03 06:30:51.072000','admin@gmail.com','2024-07-11 00:47:11.285000','Lớp 3','https://wetalk.ibme.edu.vn/upload/hust-app//l%E1%BB%9Bp%203.png'),(15,'giaovien@gmail.com','2024-07-03 06:31:01.546000','admin@gmail.com','2024-07-11 00:46:37.106000','Lớp 4','https://wetalk.ibme.edu.vn/upload/hust-app//l%E1%BB%9Bp%204.jpg'),(16,'giaovien@gmail.com','2024-07-03 06:31:08.146000','admin@gmail.com','2024-07-11 00:45:34.519000','Lớp 5','https://wetalk.ibme.edu.vn/upload/hust-app//l%E1%BB%9Bp%205.jpg'),(17,'admin@gmail.com','2024-07-11 01:41:29.386000','admin@gmail.com','2024-07-11 15:47:04.545000','Lớp 2','https://wetalk.ibme.edu.vn/upload/hust-app//Nhung-bai-tap-ve-cac-phep-tinh-toan-tu-duy-giup-tre-phat-trien-nao-bo-toan-dien.png');
/*!40000 ALTER TABLE `class_room` ENABLE KEYS */;
UNLOCK TABLES;

--
-- Table structure for table `contact`
--

DROP TABLE IF EXISTS `contact`;
/*!40101 SET @saved_cs_client     = @@character_set_client */;
/*!50503 SET character_set_client = utf8mb4 */;
CREATE TABLE `contact` (
  `contact_id` bigint NOT NULL AUTO_INCREMENT,
  `created_by` varchar(255) DEFAULT NULL,
  `created_date` datetime(6) DEFAULT NULL,
  `modified_by` varchar(255) DEFAULT NULL,
  `modified_date` datetime(6) DEFAULT NULL,
  `avatar_location` varchar(255) DEFAULT NULL,
  `email` varchar(255) DEFAULT NULL,
  `name` varchar(255) DEFAULT NULL,
  PRIMARY KEY (`contact_id`)
) ENGINE=InnoDB AUTO_INCREMENT=39 DEFAULT CHARSET=utf8mb4 COLLATE=utf8mb4_0900_ai_ci;
/*!40101 SET character_set_client = @saved_cs_client */;

--
-- Dumping data for table `contact`
--

LOCK TABLES `contact` WRITE;
/*!40000 ALTER TABLE `contact` DISABLE KEYS */;
INSERT INTO `contact` VALUES (1,'anonymousUser','2024-04-08 10:04:56.568000','anonymousUser','2024-04-08 15:43:39.415000',NULL,'admin@gmail.com','ADMIN'),(2,'anonymousUser','2024-04-08 10:16:07.370000','anonymousUser','2024-04-08 10:16:07.370000',NULL,'quynh12712053@gmail.com','Phạm Văn Quỳnh 127'),(3,'anonymousUser','2024-04-08 10:17:30.919000','anonymousUser','2024-04-08 10:17:30.919000',NULL,'quynh171217@gmail.com','Pham Van Quynh 17'),(4,'anonymousUser','2024-04-08 12:21:15.962000','anonymousUser','2024-05-22 15:12:13.955000','https://wetalk.ibme.edu.vn/upload/hust-app//image.png','truong8dt@gmail.com','Nguyễn Văn Trường'),(5,'anonymousUser','2024-04-08 12:22:35.137000','anonymousUser','2024-05-22 14:08:16.476000','https://wetalk.ibme.edu.vn/upload/hust-app//Banner%20Khuye%CC%82%CC%81n%20Ma%CC%83i%20Te%CC%82%CC%81t.png','truongnguyenduc935@gmail.com','Nguyễn Văn Minh'),(6,'anonymousUser','2024-04-08 14:25:46.532000','anonymousUser','2024-07-17 01:12:50.159000','https://wetalk.ibme.edu.vn/upload/media-general//Vui%20m%E1%BB%ABng0%20.jpg','doanhtv2759@gmail.com','Doanh'),(7,'anonymousUser','2024-04-08 15:55:43.505000','anonymousUser','2024-04-08 15:55:43.505000',NULL,'hoangquanghuy@gmail.com','Hoàng Huy'),(8,'anonymousUser','2024-04-11 04:48:45.050000','anonymousUser','2024-04-16 15:08:04.664000','https://wetalk.ibme.edu.vn/upload/media-general//9d9e23b9802028befafb052f7c2af883.jpg','vdoanh301@gmail.com','DoanhPro'),(10,'anonymousUser','2024-04-13 02:14:21.899000','anonymousUser','2024-04-13 02:14:21.899000',NULL,'chuyenp32@gmail.com','chuyen'),(11,'anonymousUser','2024-04-13 02:30:55.332000','anonymousUser','2024-04-13 02:30:55.332000',NULL,'phamdoan060801@gmail.com','chuyendz'),(12,'anonymousUser','2024-04-15 11:31:34.015000','anonymousUser','2024-04-15 11:31:34.015000',NULL,'hqhuy.bme@gmail.com','Hoàng Huy BME'),(13,'anonymousUser','2024-05-04 04:27:33.903000','anonymousUser','2024-05-04 04:30:20.015000','https://wetalk.ibme.edu.vn/upload/media-general//1000000339.jpg','vunhatlinh04092001@gmail.com','Linh K'),(20,'anonymousUser','2024-05-18 09:01:31.070000','anonymousUser','2024-05-18 09:01:31.070000',NULL,'testwesignew@yopmail.com','nguyễn Văn A'),(21,'anonymousUser','2024-05-19 16:57:39.464000','anonymousUser','2024-05-19 16:57:39.464000','string','string','string'),(22,'anonymousUser','2024-05-19 16:58:03.575000','anonymousUser','2024-05-19 16:58:03.575000','string','chuyenp32@gmail.com','chuyen'),(23,'chuyenp32@gmail.com','2024-05-19 17:07:50.008000','chuyenp32@gmail.com','2024-05-19 17:07:50.008000',NULL,'chuyenp32@gmail.com','chuyen'),(24,'chuyenp32@gmail.com','2024-05-19 17:08:13.502000','chuyenp32@gmail.com','2024-05-19 17:08:13.502000',NULL,'phamdoan060801@gmail.com','chuyen'),(25,'chuyenp32@gmail.com','2024-05-22 04:04:35.698000','chuyenp32@gmail.com','2024-05-22 04:04:35.698000',NULL,'phamdoan060801@gmail.com','chuyen'),(26,'anonymousUser','2024-05-23 06:23:10.667000','anonymousUser','2024-05-23 06:23:10.667000',NULL,'vutuananh25082000@gmail.com','Vũ Tuấn Anh'),(27,'anonymousUser','2024-05-25 02:22:16.731000','anonymousUser','2024-05-25 02:22:16.731000',NULL,'minhnguyen123@yopmail.com','Nguyễn Văn Minh'),(28,'anonymousUser','2024-06-01 03:02:26.325000','anonymousUser','2024-06-01 03:02:26.325000',NULL,'2004hoangcuc@gmail.com','Hoàng Cúc'),(29,'anonymousUser','2024-06-06 01:38:00.987000','anonymousUser','2024-06-06 01:38:00.987000',NULL,'angelmirinda1@gmail.com','Nguyen M'),(30,'anonymousUser','2024-06-14 16:16:02.456000','anonymousUser','2024-06-14 16:16:02.456000',NULL,'annguyen123@yopmail.com','Nguyễn Văn An'),(31,'anonymousUser','2024-06-14 16:42:02.407000','anonymousUser','2024-06-14 16:42:02.407000',NULL,'bennguyen1@yopmail.com','nguyễn Văn Ben'),(32,'anonymousUser','2024-06-19 07:56:05.368000','anonymousUser','2024-06-19 07:56:05.368000',NULL,'phamquynhltbn12@gmail.com','Phạm Văn Quỳnh'),(33,'anonymousUser','2024-06-23 13:17:40.568000','anonymousUser','2024-06-23 13:17:40.568000',NULL,'tbi398360@gmail.com','vippro'),(34,'anonymousUser','2024-07-04 03:27:20.857000','anonymousUser','2024-07-04 03:27:20.857000',NULL,'caominhducpx@gmail.com','Cao Minh Đức'),(35,'anonymousUser','2024-07-04 03:28:02.479000','anonymousUser','2024-07-04 03:28:02.479000',NULL,'alexnguyenabc113@gmail.com','Alex Nguyen'),(36,'anonymousUser','2024-07-06 03:24:16.572000','anonymousUser','2024-07-06 03:26:16.915000','https://wetalk.ibme.edu.vn/upload/hust-app//download.jpg','bennguyen2@yopmail.com','Nguyễn Văn Minh '),(37,'anonymousUser','2024-07-06 03:25:55.587000','anonymousUser','2024-07-06 03:27:05.706000','https://wetalk.ibme.edu.vn/upload/media-general//Screenshot_20240705-234010.jpg','vdo646185@gmail.com','quynh'),(38,'anonymousUser','2024-07-10 04:21:13.147000','anonymousUser','2024-07-10 04:21:13.147000',NULL,'fossbk@gmail.com','Tình nguyện viên');
/*!40000 ALTER TABLE `contact` ENABLE KEYS */;
UNLOCK TABLES;

--
-- Table structure for table `conversation`
--

DROP TABLE IF EXISTS `conversation`;
/*!40101 SET @saved_cs_client     = @@character_set_client */;
/*!50503 SET character_set_client = utf8mb4 */;
CREATE TABLE `conversation` (
  `conversation_id` bigint NOT NULL AUTO_INCREMENT,
  `created_by` varchar(255) DEFAULT NULL,
  `created_date` datetime(6) DEFAULT NULL,
  `modified_by` varchar(255) DEFAULT NULL,
  `modified_date` datetime(6) DEFAULT NULL,
  `conversation_name` varchar(255) DEFAULT NULL,
  `conversation_type` enum('GROUP','SINGLE') DEFAULT NULL,
  PRIMARY KEY (`conversation_id`)
) ENGINE=InnoDB AUTO_INCREMENT=28 DEFAULT CHARSET=utf8mb4 COLLATE=utf8mb4_0900_ai_ci;
/*!40101 SET character_set_client = @saved_cs_client */;

--
-- Dumping data for table `conversation`
--

LOCK TABLES `conversation` WRITE;
/*!40000 ALTER TABLE `conversation` DISABLE KEYS */;
INSERT INTO `conversation` VALUES (1,'phamquynhltbn12@gmail.com','2024-04-08 10:18:31.698000','phamquynhltbn12@gmail.com','2024-04-08 10:18:31.698000','phamquynhltbn12@gmail.com_phamquynhltbn12@gmail.com','SINGLE'),(2,'truong8dt@gmail.com','2024-04-08 12:22:56.898000','truong8dt@gmail.com','2024-04-08 12:22:56.898000','truong8dt@gmail.com_truong8dt@gmail.com','SINGLE'),(3,'doanhtv2759@gmail.com','2024-04-08 15:27:59.658000','doanhtv2759@gmail.com','2024-04-08 15:27:59.658000','doanhtv2759@gmail.com_doanhtv2759@gmail.com','SINGLE'),(4,'hoangquanghuy@gmail.com','2024-04-10 01:56:46.426000','hoangquanghuy@gmail.com','2024-04-10 01:56:46.426000','hoangquanghuy@gmail.com_hoangquanghuy@gmail.com','SINGLE'),(5,'hoangquanghuy@gmail.com','2024-04-10 01:57:08.324000','hoangquanghuy@gmail.com','2024-04-10 01:57:08.324000','hoangquanghuy@gmail.com_hoangquanghuy@gmail.com','SINGLE'),(7,'doanhtv2759@gmail.com','2024-04-14 13:48:39.993000','doanhtv2759@gmail.com','2024-04-14 13:48:39.993000','doanhtv2759@gmail.com_doanhtv2759@gmail.com','SINGLE'),(8,'doanhtv2759@gmail.com','2024-04-14 13:48:46.079000','doanhtv2759@gmail.com','2024-04-14 13:48:46.079000','doanhtv2759@gmail.com_doanhtv2759@gmail.com','SINGLE'),(9,'doanhtv2759@gmail.com','2024-04-14 13:49:23.657000','doanhtv2759@gmail.com','2024-04-14 13:49:23.657000','doanhtv2759@gmail.com_doanhtv2759@gmail.com','SINGLE'),(10,'doanhtv2759@gmail.com','2024-04-14 13:49:29.167000','doanhtv2759@gmail.com','2024-04-14 13:49:29.167000','doanhtv2759@gmail.com_doanhtv2759@gmail.com','SINGLE'),(11,'doanhtv2759@gmail.com','2024-04-14 13:49:37.321000','doanhtv2759@gmail.com','2024-04-14 13:49:37.321000','doanhtv2759@gmail.com_doanhtv2759@gmail.com','SINGLE'),(12,'phamquynhltbn12@gmail.com','2024-04-15 03:29:58.986000','phamquynhltbn12@gmail.com','2024-04-15 03:29:58.986000','phamquynhltbn12@gmail.com_phamquynhltbn12@gmail.com','SINGLE'),(13,'phamquynhltbn12@gmail.com','2024-04-15 03:30:05.170000','phamquynhltbn12@gmail.com','2024-04-15 03:30:05.170000','phamquynhltbn12@gmail.com_phamquynhltbn12@gmail.com','SINGLE'),(14,'phamquynhltbn12@gmail.com','2024-04-17 03:48:45.790000','phamquynhltbn12@gmail.com','2024-04-17 03:48:45.790000','phamquynhltbn12@gmail.com_phamquynhltbn12@gmail.com','SINGLE'),(15,'chuyenp32@gmail.com','2024-05-22 04:11:29.971000','chuyenp32@gmail.com','2024-05-22 04:11:29.971000','chuyendz','SINGLE'),(16,'chuyenp32@gmail.com','2024-05-22 04:13:25.685000','chuyenp32@gmail.com','2024-05-22 04:13:25.685000','chuyendz','SINGLE'),(17,'chuyenp32@gmail.com','2024-05-23 15:16:54.396000','chuyenp32@gmail.com','2024-05-23 15:16:54.396000','chuyendz','SINGLE'),(18,'truongnguyenduc935@gmail.com','2024-05-26 15:41:28.436000','truongnguyenduc935@gmail.com','2024-05-26 15:41:28.436000','truongnguyenduc935@gmail.com_truongnguyenduc935@gmail.com','SINGLE'),(19,'truong8dt@gmail.com','2024-05-26 15:45:04.038000','truong8dt@gmail.com','2024-05-26 15:45:04.038000','truong8dt@gmail.com_truong8dt@gmail.com','SINGLE'),(20,'truong8dt@gmail.com','2024-05-26 16:01:09.481000','truong8dt@gmail.com','2024-05-26 16:01:09.481000','truong8dt@gmail.com_truong8dt@gmail.com','SINGLE'),(21,'truongnguyenduc935@gmail.com','2024-05-26 16:03:38.368000','truongnguyenduc935@gmail.com','2024-05-26 16:03:38.368000','truongnguyenduc935@gmail.com_truongnguyenduc935@gmail.com','SINGLE'),(22,'truong8dt@gmail.com','2024-05-26 16:09:39.228000','truong8dt@gmail.com','2024-05-26 16:09:39.228000','truong8dt@gmail.com_truong8dt@gmail.com','SINGLE'),(23,'truong8dt@gmail.com','2024-06-01 02:50:56.584000','truong8dt@gmail.com','2024-06-01 02:50:56.584000','truong8dt@gmail.com_truong8dt@gmail.com','SINGLE'),(24,'chuyenp32@gmail.com','2024-06-01 10:08:45.268000','chuyenp32@gmail.com','2024-06-01 10:08:45.268000','string','SINGLE'),(25,'truongnguyenduc935@gmail.com','2024-07-04 16:35:04.377000','truongnguyenduc935@gmail.com','2024-07-04 16:35:04.377000','truongnguyenduc935@gmail.com_truongnguyenduc935@gmail.com','SINGLE'),(26,'bennguyen2@yopmail.com','2024-07-06 03:29:46.514000','bennguyen2@yopmail.com','2024-07-06 03:29:46.514000','bennguyen2@yopmail.com_bennguyen2@yopmail.com','SINGLE'),(27,'doanhtv2759@gmail.com','2024-07-09 13:39:16.064000','doanhtv2759@gmail.com','2024-07-09 13:39:16.064000','doanhtv2759@gmail.com_doanhtv2759@gmail.com','SINGLE');
/*!40000 ALTER TABLE `conversation` ENABLE KEYS */;
UNLOCK TABLES;

--
-- Table structure for table `data_collection`
--

DROP TABLE IF EXISTS `data_collection`;
/*!40101 SET @saved_cs_client     = @@character_set_client */;
/*!50503 SET character_set_client = utf8mb4 */;
CREATE TABLE `data_collection` (
  `data_collection_id` bigint NOT NULL AUTO_INCREMENT,
  `volunteer_email` varchar(255) DEFAULT NULL,
  `created_date` datetime(6) DEFAULT NULL,
  `modified_by` varchar(255) DEFAULT NULL,
  `modified_date` datetime(6) DEFAULT NULL,
  `admin_email` varchar(255) DEFAULT NULL,
  `data_location` varchar(255) DEFAULT NULL,
  `feed_back` varchar(255) DEFAULT NULL,
  `score` float NOT NULL,
  `status` int NOT NULL,
  `vocabulary_id` bigint DEFAULT NULL,
  `created_by` varchar(255) DEFAULT NULL,
  `detection_content` varchar(255) DEFAULT NULL,
  PRIMARY KEY (`data_collection_id`),
  KEY `FKlp6aat9pduh93prfhiykbv1r5` (`vocabulary_id`),
  CONSTRAINT `FKlp6aat9pduh93prfhiykbv1r5` FOREIGN KEY (`vocabulary_id`) REFERENCES `vocabulary` (`vocabulary_id`)
) ENGINE=InnoDB AUTO_INCREMENT=99 DEFAULT CHARSET=utf8mb4 COLLATE=utf8mb4_0900_ai_ci;
/*!40101 SET character_set_client = @saved_cs_client */;

--
-- Dumping data for table `data_collection`
--

LOCK TABLES `data_collection` WRITE;
/*!40000 ALTER TABLE `data_collection` DISABLE KEYS */;
INSERT INTO `data_collection` VALUES (61,'giaovien@gmail.com','2024-07-05 16:44:10.432000','admin@gmail.com','2024-07-06 03:55:50.280000','admin@gmail.com','https://wetalk.ibme.edu.vn/upload/data-collection//COn%20cua%20%28Demo%290%20.mp4','Sai hẳn từ',2,300,97,NULL,NULL),(62,'bennguyen2@yopmail.com','2024-07-06 03:38:34.865000','admin@gmail.com','2024-07-06 03:55:32.519000','admin@gmail.com','https://wetalk.ibme.edu.vn/upload/hust-app//volunteer_b%E1%BB%B1c%20m%C3%ACnh_1720237115444.mp4','Sai ký hiệu',6,300,1180,NULL,NULL),(63,'doanhtv2759@gmail.com','2024-07-06 03:56:24.845000','admin@gmail.com','2024-07-06 03:57:00.914000','admin@gmail.com','https://wetalk.ibme.edu.vn/upload/data-collection//20240706_101714.mp4','Đúng rồi đó',8,200,1180,NULL,NULL),(64,'bennguyen2@yopmail.com','2024-07-06 10:22:18.096000','admin@gmail.com','2024-07-13 03:56:38.911000','admin@gmail.com','https://wetalk.ibme.edu.vn/upload/hust-app//volunteer_b%E1%BB%B1c%20m%C3%ACnh_1720261335637.mp4','sai',3,300,1180,NULL,NULL),(65,'truong8dt@gmail.com','2024-07-06 10:23:22.066000','admin@gmail.com','2024-07-10 02:55:38.973000','admin@gmail.com','https://wetalk.ibme.edu.vn/upload/hust-app//volunteer_b%E1%BB%B1c%20m%C3%ACnh_1720262882822.mp4',NULL,0,300,1180,NULL,NULL),(66,'doanhtv2759@gmail.com','2024-07-06 14:54:04.606000','admin@gmail.com','2024-07-10 02:55:21.232000','admin@gmail.com','https://wetalk.ibme.edu.vn/upload/data-collection//20240706_101714.mp4',NULL,0,300,97,NULL,NULL),(68,'truong8dt@gmail.com','2024-07-10 15:30:01.173000','admin@gmail.com','2024-07-10 16:21:11.544000','admin@gmail.com','https://wetalk.ibme.edu.vn/upload/hust-app//0119_con%20c%C3%A1.mp4',NULL,0,300,1189,NULL,NULL),(71,'truong8dt@gmail.com','2024-07-10 15:35:04.601000','admin@gmail.com','2024-07-10 15:35:27.115000','admin@gmail.com','https://wetalk.ibme.edu.vn/upload/hust-app//0121_con%20chim.mp4','Sai con chim không phải con cá',4,200,1189,NULL,NULL),(72,'doanhtv2759@gmail.com','2024-07-10 15:38:51.802000','admin@gmail.com','2024-07-10 16:21:08.935000','admin@gmail.com','https://wetalk.ibme.edu.vn/upload/data-collection//s%E1%BB%91%20b%C3%A90%20.mp4',NULL,0,300,97,NULL,NULL),(73,'doanhtv2759@gmail.com','2024-07-10 15:44:07.598000','admin@gmail.com','2024-07-10 16:21:03.884000','admin@gmail.com','https://wetalk.ibme.edu.vn/upload/data-collection//s%E1%BB%91%20b%C3%A90%20.mp4',NULL,0,300,53,NULL,NULL),(74,'doanhtv2759@gmail.com','2024-07-10 15:46:51.021000','admin@gmail.com','2024-07-10 16:21:05.827000','admin@gmail.com','https://wetalk.ibme.edu.vn/upload/data-collection//s%E1%BB%91%20b%C3%A90%20.mp4',NULL,0,300,97,NULL,NULL),(75,'doanhtv2759@gmail.com','2024-07-10 15:52:15.917000','admin@gmail.com','2024-07-10 16:21:00.325000','admin@gmail.com','https://wetalk.ibme.edu.vn/upload/data-collection//s%E1%BB%91%20b%C3%A90%20.mp4',NULL,0,300,97,NULL,NULL),(79,'giaovien@gmail.com','2024-07-13 03:56:26.572000','admin@gmail.com','2024-07-30 06:46:44.333000','admin@gmail.com','https://wetalk.ibme.edu.vn/upload/hust-app//COn%20cua%20%28Demo%290%20.mp4',NULL,0,300,1221,NULL,NULL),(82,'truong8dt@gmail.com','2024-07-14 16:19:37.612000','truong8dt@gmail.com','2024-07-14 16:19:37.612000',NULL,'https://wetalk.ibme.edu.vn/upload/hust-app//volunteer_B%E1%BB%B1c%20m%C3%ACnh_1720973971077.mp4',NULL,0,100,1180,NULL,NULL),(84,'truong8dt@gmail.com','2024-07-17 03:44:29.089000','admin@gmail.com','2024-07-30 06:46:29.254000','admin@gmail.com','',NULL,0,300,1181,NULL,NULL),(85,'anonymousUser','2024-07-20 05:45:51.064000','admin@gmail.com','2024-07-30 06:46:51.254000','admin@gmail.com','',NULL,0,300,1180,NULL,NULL),(86,'anonymousUser','2024-07-20 05:46:46.749000','admin@gmail.com','2024-07-30 06:46:26.716000','admin@gmail.com','',NULL,0,300,1180,NULL,NULL),(87,'anonymousUser','2024-07-20 05:47:21.480000','admin@gmail.com','2024-07-30 06:46:20.359000','admin@gmail.com','',NULL,0,300,1180,NULL,NULL),(88,'anonymousUser','2024-07-20 05:48:02.540000','admin@gmail.com','2024-07-30 06:46:11.485000','admin@gmail.com','',NULL,0,300,1181,NULL,NULL),(89,'anonymousUser','2024-07-20 05:57:16.650000','admin@gmail.com','2024-07-21 08:41:57.997000','admin@gmail.com','',NULL,0,300,1180,NULL,NULL),(90,'anonymousUser','2024-07-20 05:57:52.152000','admin@gmail.com','2024-07-21 08:41:54.694000','admin@gmail.com','',NULL,0,300,1181,NULL,NULL),(91,'admin@gmail.com','2024-07-21 08:40:18.341000','admin@gmail.com','2024-07-30 06:46:08.391000','admin@gmail.com','https://wetalk.ibme.edu.vn/upload/hust-app//volunteer_%C4%90au%20m%E1%BA%AFt_1721551216245.mp4',NULL,0,300,105,NULL,NULL),(92,'admin@gmail.com','2024-07-30 06:44:12.901000','admin@gmail.com','2024-07-30 06:44:12.901000',NULL,'https://wetalk.ibme.edu.vn/upload/hust-app//08_Thay-Son_1-200_10-11-12_0108___center_device11_signer08_center_ord1_1.mp4',NULL,0,100,1180,NULL,NULL),(93,'admin@gmail.com','2024-07-30 06:45:20.033000','admin@gmail.com','2024-08-12 04:11:28.670000','admin@gmail.com','https://wetalk.ibme.edu.vn/upload/hust-app//08_Thay-Son_1-200_10-11-12_0108___center_device11_signer08_center_ord1_2.mp4',NULL,0,300,1409,NULL,NULL),(94,'admin@gmail.com','2024-08-08 17:04:50.746000','admin@gmail.com','2024-08-12 04:11:12.194000','admin@gmail.com','https://wetalk.ibme.edu.vn/upload/hust-app//volunteer_3_1723136689843.mp4',NULL,0,300,1398,NULL,NULL),(95,'admin@gmail.com','2024-08-08 17:06:28.626000','admin@gmail.com','2024-08-12 04:11:22.885000','admin@gmail.com','https://wetalk.ibme.edu.vn/upload/hust-app//5708851612888.mp4',NULL,0,300,1409,NULL,NULL),(96,'admin@gmail.com','2024-08-08 17:06:47.418000','admin@gmail.com','2024-08-12 04:11:09.309000','admin@gmail.com','https://wetalk.ibme.edu.vn/upload/hust-app//captured_image_1723136806721.jpg',NULL,0,300,1400,NULL,NULL),(97,'admin@gmail.com','2024-08-09 02:02:20.684000','admin@gmail.com','2024-08-12 04:11:15.932000','admin@gmail.com','https://wetalk.ibme.edu.vn/upload/hust-app//captured_image_1723168939671.jpg',NULL,0,300,1409,NULL,NULL),(98,'admin@gmail.com','2024-08-09 02:02:40.340000','admin@gmail.com','2024-08-12 04:11:06.195000','admin@gmail.com','https://wetalk.ibme.edu.vn/upload/hust-app//z5708783144992_25e55e0f1f098c0ab51c0206ee790459.jpg',NULL,0,300,1403,NULL,NULL);
/*!40000 ALTER TABLE `data_collection` ENABLE KEYS */;
UNLOCK TABLES;

--
-- Table structure for table `exam`
--

DROP TABLE IF EXISTS `exam`;
/*!40101 SET @saved_cs_client     = @@character_set_client */;
/*!50503 SET character_set_client = utf8mb4 */;
CREATE TABLE `exam` (
  `exam_id` bigint NOT NULL AUTO_INCREMENT,
  `created_by` varchar(255) DEFAULT NULL,
  `created_date` datetime(6) DEFAULT NULL,
  `modified_by` varchar(255) DEFAULT NULL,
  `modified_date` datetime(6) DEFAULT NULL,
  `is_private` bit(1) NOT NULL,
  `name` varchar(255) DEFAULT NULL,
  `class_room_id` bigint DEFAULT NULL,
  PRIMARY KEY (`exam_id`)
) ENGINE=InnoDB AUTO_INCREMENT=40 DEFAULT CHARSET=utf8mb4 COLLATE=utf8mb4_0900_ai_ci;
/*!40101 SET character_set_client = @saved_cs_client */;

--
-- Dumping data for table `exam`
--

LOCK TABLES `exam` WRITE;
/*!40000 ALTER TABLE `exam` DISABLE KEYS */;
INSERT INTO `exam` VALUES (26,'giaovien@gmail.com','2024-07-03 06:53:05.884000','giaovien@gmail.com','2024-07-10 10:31:57.086000',_binary '\0','Bài kiểm tra về chủ đề động vật',14),(27,'admin@gmail.com','2024-07-03 15:02:26.350000','giaovien@gmail.com','2024-07-10 10:31:33.821000',_binary '\0','Bài kiểm tra lớp 1',14),(29,'giaovien@gmail.com','2024-07-05 14:21:06.653000','giaovien@gmail.com','2024-07-10 10:36:01.031000',_binary '\0','Bài kiểm tra lớp 1 (tổng hợp)',2),(30,'giaovien@gmail.com','2024-07-06 02:45:06.121000','giaovien@gmail.com','2024-07-10 19:21:28.157000',_binary '','Bài kiểm tra số 2',2),(31,'truong8dt@gmail.com','2024-07-06 02:48:27.363000','truong8dt@gmail.com','2024-07-06 02:48:27.363000',_binary '','Bài kiểm tra số 3',2),(35,'giaovien@gmail.com','2024-07-11 01:07:28.121000','giaovien@gmail.com','2024-07-11 01:10:29.307000',_binary '\0','Bài kiểm tra ngắn',15),(36,'giaovien@gmail.com','2024-07-14 04:23:44.755000','giaovien@gmail.com','2024-07-14 04:23:44.755000',_binary '','Baif kiem tra so 5',2),(37,'giaovien@gmail.com','2024-07-14 04:28:00.700000','giaovien@gmail.com','2024-07-14 04:28:00.700000',_binary '','Bai kiem tra kep',2),(38,'giaovien@gmail.com','2024-07-14 16:09:00.333000','giaovien@gmail.com','2024-07-14 16:09:00.333000',_binary '','Bài kiểm tra test',2);
/*!40000 ALTER TABLE `exam` ENABLE KEYS */;
UNLOCK TABLES;

--
-- Table structure for table `friend_ship`
--

DROP TABLE IF EXISTS `friend_ship`;
/*!40101 SET @saved_cs_client     = @@character_set_client */;
/*!50503 SET character_set_client = utf8mb4 */;
CREATE TABLE `friend_ship` (
  `created_by` varchar(255) NOT NULL,
  `created_date` datetime(6) DEFAULT NULL,
  `modified_by` varchar(255) DEFAULT NULL,
  `modified_date` datetime(6) DEFAULT NULL,
  `status` int NOT NULL,
  `send_friend_id` bigint NOT NULL,
  `accept_friend_id` bigint NOT NULL,
  PRIMARY KEY (`accept_friend_id`,`send_friend_id`),
  KEY `FK1aao5ce4qv11rxt2ae94ix7r0` (`send_friend_id`),
  CONSTRAINT `FK1aao5ce4qv11rxt2ae94ix7r0` FOREIGN KEY (`send_friend_id`) REFERENCES `user` (`user_id`),
  CONSTRAINT `FKg0yu0k5m1wq1yg4usf0xmyuxu` FOREIGN KEY (`accept_friend_id`) REFERENCES `user` (`user_id`)
) ENGINE=InnoDB DEFAULT CHARSET=utf8mb4 COLLATE=utf8mb4_0900_ai_ci;
/*!40101 SET character_set_client = @saved_cs_client */;

--
-- Dumping data for table `friend_ship`
--

LOCK TABLES `friend_ship` WRITE;
/*!40000 ALTER TABLE `friend_ship` DISABLE KEYS */;
INSERT INTO `friend_ship` VALUES ('quynh171217@gmail.com','2024-04-08 10:17:58.613000','10:18, 08/04/2024','2024-04-08 10:18:26.492000',200,3,1),('doanhtv2759@gmail.com','2024-04-08 14:29:26.896000','15:20, 08/04/2024','2024-04-08 15:20:00.682000',200,6,1),('hoangquanghuy@gmail.com','2024-04-10 01:56:31.500000','01:57, 10/04/2024','2024-04-10 01:57:32.503000',200,7,1),('hqhuy.bme@gmail.com','2024-04-15 12:34:41.522000','03:48, 17/04/2024','2024-04-17 03:48:33.731000',200,12,1),('admin@gmail.com','2024-07-12 16:32:29.473000','admin@gmail.com','2024-07-12 16:32:29.473000',100,1,2),('quynh171217@gmail.com','2024-04-08 10:17:50.353000','01:57, 10/04/2024','2024-04-10 01:57:57.417000',200,3,2),('doanhtv2759@gmail.com','2024-04-08 15:17:40.961000','01:57, 10/04/2024','2024-04-10 01:57:52.244000',200,6,2),('hoangquanghuy@gmail.com','2024-04-10 01:56:36.779000','01:57, 10/04/2024','2024-04-10 01:57:54.676000',200,7,2),('hqhuy.bme@gmail.com','2024-04-15 12:34:42.367000','4/15/24, 12:34 PM','2024-04-15 12:34:42.367000',100,12,2),('giaovien@gmail.com','2024-07-11 15:41:05.222000','giaovien@gmail.com','2024-07-11 15:41:05.222000',100,28,2),('doanhtv2759@gmail.com','2024-04-08 15:17:41.518000','4/8/24, 3:17 PM','2024-04-08 15:17:41.518000',100,6,3),('hoangquanghuy@gmail.com','2024-04-10 01:56:41.690000','01:56, 10/04/2024','2024-04-10 01:56:41.690000',100,7,3),('hqhuy.bme@gmail.com','2024-04-15 12:34:43.185000','4/15/24, 12:34 PM','2024-04-15 12:34:43.185000',100,12,3),('truongnguyenduc935@gmail.com','2024-05-22 13:03:25.625000','09:48, 24/05/2024','2024-05-24 09:48:16.383000',200,5,4),('hocsinh@gmail.com','2024-07-11 15:53:41.801000','hocsinh@gmail.com','2024-07-11 15:53:41.801000',100,27,4),('bennguyen2@yopmail.com','2024-07-06 03:28:48.039000','03:29, 06/07/2024','2024-07-06 03:29:32.201000',200,33,4),('hqhuy.bme@gmail.com','2024-04-15 12:34:57.954000','4/15/24, 12:34 PM','2024-04-15 12:34:57.954000',100,12,5),('giaovien@gmail.com','2024-07-11 14:26:05.025000','7/11/24, 2:26 PM','2024-07-11 14:26:05.025000',100,28,5),('vdoanh301@gmail.com','2024-07-11 03:25:02.107000','7/11/24, 3:25 AM','2024-07-11 03:25:09.301000',200,8,6),('hocsinh@gmail.com','2024-07-11 03:04:37.643000','03:04, 11/07/2024','2024-07-11 03:04:37.643000',100,27,6),('hqhuy.bme@gmail.com','2024-04-15 12:34:34.893000','4/15/24, 12:34 PM','2024-04-15 12:34:34.893000',100,12,7),('truong8dt@gmail.com','2024-06-01 02:50:51.789000','02:50, 01/06/2024','2024-06-01 02:50:51.789000',100,4,8),('hqhuy.bme@gmail.com','2024-04-15 12:34:47.786000','4/16/24, 7:55 AM','2024-04-16 07:55:26.213000',200,12,8),('phamquynhltbn12@gmail.com','2024-04-15 03:29:19.647000','5/22/24, 3:13 AM','2024-05-22 03:13:46.997000',200,1,10),('phamdoan060801@gmail.com','2024-05-31 10:15:56.002000','5/31/24, 10:15 AM','2024-05-31 10:15:56.002000',100,11,10),('hqhuy.bme@gmail.com','2024-04-15 12:34:48.556000','5/22/24, 3:17 PM','2024-05-22 15:17:24.069000',200,12,10),('phamquynhltbn12@gmail.com','2024-04-15 03:29:41.368000','4/30/24, 9:42 AM','2024-04-30 09:42:59.977000',200,1,11),('hqhuy.bme@gmail.com','2024-04-15 12:34:53.641000','4/15/24, 12:34 PM','2024-04-15 12:34:53.641000',100,12,11);
/*!40000 ALTER TABLE `friend_ship` ENABLE KEYS */;
UNLOCK TABLES;

--
-- Table structure for table `group_member`
--

DROP TABLE IF EXISTS `group_member`;
/*!40101 SET @saved_cs_client     = @@character_set_client */;
/*!50503 SET character_set_client = utf8mb4 */;
CREATE TABLE `group_member` (
  `group_member_id` bigint NOT NULL AUTO_INCREMENT,
  `created_by` varchar(255) DEFAULT NULL,
  `created_date` datetime(6) DEFAULT NULL,
  `modified_by` varchar(255) DEFAULT NULL,
  `modified_date` datetime(6) DEFAULT NULL,
  `is_active` bit(1) NOT NULL,
  `last_activity` datetime(6) DEFAULT NULL,
  `contact_id` bigint DEFAULT NULL,
  `conversation_id` bigint DEFAULT NULL,
  PRIMARY KEY (`group_member_id`),
  KEY `FKqbnnx666uxh38dff4uanvgw88` (`contact_id`),
  KEY `FKh9ojh95jsbqa9k94mk9sjs64k` (`conversation_id`),
  CONSTRAINT `FKh9ojh95jsbqa9k94mk9sjs64k` FOREIGN KEY (`conversation_id`) REFERENCES `conversation` (`conversation_id`),
  CONSTRAINT `FKqbnnx666uxh38dff4uanvgw88` FOREIGN KEY (`contact_id`) REFERENCES `contact` (`contact_id`)
) ENGINE=InnoDB AUTO_INCREMENT=54 DEFAULT CHARSET=utf8mb4 COLLATE=utf8mb4_0900_ai_ci;
/*!40101 SET character_set_client = @saved_cs_client */;

--
-- Dumping data for table `group_member`
--

LOCK TABLES `group_member` WRITE;
/*!40000 ALTER TABLE `group_member` DISABLE KEYS */;
INSERT INTO `group_member` VALUES (1,'phamquynhltbn12@gmail.com','2024-04-08 10:18:31.706000','admin@gmail.com','2024-07-14 11:51:07.340000',_binary '\0','2024-07-14 11:51:07.340471',1,1),(2,'phamquynhltbn12@gmail.com','2024-04-08 10:18:31.710000','admin@gmail.com','2024-07-14 11:51:07.338000',_binary '\0','2024-07-14 11:51:07.338006',3,1),(3,'truong8dt@gmail.com','2024-04-08 12:22:56.900000','truong8dt@gmail.com','2024-07-17 03:43:45.305000',_binary '\0','2024-07-17 03:43:45.305556',4,2),(4,'truong8dt@gmail.com','2024-04-08 12:22:56.902000','truong8dt@gmail.com','2024-07-17 03:43:45.302000',_binary '\0','2024-07-17 03:43:45.302414',5,2),(5,'doanhtv2759@gmail.com','2024-04-08 15:27:59.668000','doanhtv2759@gmail.com','2024-07-06 16:04:21.371000',_binary '\0','2024-07-06 16:04:21.371262',6,3),(6,'doanhtv2759@gmail.com','2024-04-08 15:27:59.671000','doanhtv2759@gmail.com','2024-07-06 16:04:21.369000',_binary '\0','2024-07-06 16:04:21.368862',1,3),(7,'hoangquanghuy@gmail.com','2024-04-10 01:56:46.442000','admin@gmail.com','2024-07-04 14:28:14.599000',_binary '\0','2024-07-04 14:28:14.598800',7,4),(8,'hoangquanghuy@gmail.com','2024-04-10 01:56:46.444000','admin@gmail.com','2024-07-04 14:28:14.602000',_binary '\0','2024-07-04 14:28:14.602050',1,4),(9,'hoangquanghuy@gmail.com','2024-04-10 01:57:08.326000','hoangquanghuy@gmail.com','2024-04-10 01:57:08.326000',_binary '\0',NULL,7,5),(10,'hoangquanghuy@gmail.com','2024-04-10 01:57:08.328000','hoangquanghuy@gmail.com','2024-04-10 01:57:08.328000',_binary '\0',NULL,2,5),(13,'doanhtv2759@gmail.com','2024-04-14 13:48:40.014000','doanhtv2759@gmail.com','2024-04-14 13:48:40.014000',_binary '\0',NULL,6,7),(14,'doanhtv2759@gmail.com','2024-04-14 13:48:40.016000','doanhtv2759@gmail.com','2024-04-14 13:48:40.016000',_binary '\0',NULL,2,7),(15,'doanhtv2759@gmail.com','2024-04-14 13:48:46.081000','doanhtv2759@gmail.com','2024-04-14 13:48:46.081000',_binary '\0',NULL,6,8),(16,'doanhtv2759@gmail.com','2024-04-14 13:48:46.082000','doanhtv2759@gmail.com','2024-04-14 13:48:46.082000',_binary '\0',NULL,3,8),(17,'doanhtv2759@gmail.com','2024-04-14 13:49:23.658000','truong8dt@gmail.com','2024-07-16 08:48:19.828000',_binary '\0','2024-07-16 08:48:19.828611',6,9),(18,'doanhtv2759@gmail.com','2024-04-14 13:49:23.660000','truong8dt@gmail.com','2024-07-16 08:48:19.838000',_binary '\0','2024-07-16 08:48:19.838510',4,9),(19,'doanhtv2759@gmail.com','2024-04-14 13:49:29.169000','doanhtv2759@gmail.com','2024-04-14 13:49:29.169000',_binary '\0',NULL,6,10),(20,'doanhtv2759@gmail.com','2024-04-14 13:49:29.170000','doanhtv2759@gmail.com','2024-04-14 13:49:29.170000',_binary '\0',NULL,5,10),(21,'doanhtv2759@gmail.com','2024-04-14 13:49:37.322000','doanhtv2759@gmail.com','2024-04-14 13:49:37.322000',_binary '\0',NULL,6,11),(22,'doanhtv2759@gmail.com','2024-04-14 13:49:37.323000','doanhtv2759@gmail.com','2024-04-14 13:49:37.323000',_binary '\0',NULL,7,11),(23,'phamquynhltbn12@gmail.com','2024-04-15 03:29:59.021000','admin@gmail.com','2024-08-06 16:07:19.999000',_binary '\0','2024-08-06 16:07:19.999431',1,12),(24,'phamquynhltbn12@gmail.com','2024-04-15 03:29:59.024000','admin@gmail.com','2024-08-06 16:07:19.994000',_binary '\0','2024-08-06 16:07:19.994487',10,12),(25,'phamquynhltbn12@gmail.com','2024-04-15 03:30:05.172000','admin@gmail.com','2024-06-29 09:37:17.726000',_binary '\0','2024-06-29 09:37:17.726138',1,13),(27,'phamquynhltbn12@gmail.com','2024-04-17 03:48:45.825000','phamquynhltbn12@gmail.com','2024-04-17 03:48:45.825000',_binary '\0',NULL,1,14),(28,'phamquynhltbn12@gmail.com','2024-04-17 03:48:45.829000','admin@gmail.com','2024-08-06 16:00:23.730000',_binary '\0','2024-08-06 16:00:23.730027',12,14),(29,'chuyenp32@gmail.com','2024-05-22 04:11:29.974000','chuyenp32@gmail.com','2024-05-22 04:11:29.974000',_binary '\0',NULL,10,15),(30,'chuyenp32@gmail.com','2024-05-22 04:11:29.975000','chuyenp32@gmail.com','2024-05-22 04:11:29.975000',_binary '\0',NULL,11,15),(31,'chuyenp32@gmail.com','2024-05-22 04:13:25.687000','chuyenp32@gmail.com','2024-05-22 04:13:25.687000',_binary '\0',NULL,10,16),(32,'chuyenp32@gmail.com','2024-05-22 04:13:25.688000','chuyenp32@gmail.com','2024-05-22 04:13:25.688000',_binary '\0',NULL,11,16),(33,'chuyenp32@gmail.com','2024-05-23 15:16:54.402000','chuyenp32@gmail.com','2024-05-23 15:16:54.402000',_binary '\0',NULL,10,17),(34,'chuyenp32@gmail.com','2024-05-23 15:16:54.404000','chuyenp32@gmail.com','2024-05-23 15:16:54.404000',_binary '\0',NULL,11,17),(35,'truongnguyenduc935@gmail.com','2024-05-26 15:41:28.438000','truongnguyenduc935@gmail.com','2024-05-26 15:41:28.438000',_binary '\0',NULL,5,18),(37,'truong8dt@gmail.com','2024-05-26 15:45:04.040000','truong8dt@gmail.com','2024-07-16 08:48:20.181000',_binary '\0','2024-07-16 08:48:20.181726',4,19),(38,'truong8dt@gmail.com','2024-05-26 15:45:04.041000','truong8dt@gmail.com','2024-05-26 15:45:04.041000',_binary '\0',NULL,22,19),(39,'truong8dt@gmail.com','2024-05-26 16:01:09.483000','truong8dt@gmail.com','2024-07-16 08:48:20.571000',_binary '\0','2024-07-16 08:48:20.571610',4,20),(40,'truong8dt@gmail.com','2024-05-26 16:01:09.484000','truong8dt@gmail.com','2024-05-26 16:01:09.484000',_binary '\0',NULL,3,20),(41,'truongnguyenduc935@gmail.com','2024-05-26 16:03:38.370000','admin@gmail.com','2024-08-08 17:04:22.245000',_binary '\0','2024-08-08 17:04:22.244863',5,21),(42,'truongnguyenduc935@gmail.com','2024-05-26 16:03:38.371000','admin@gmail.com','2024-08-08 17:04:22.241000',_binary '\0','2024-08-08 17:04:22.241382',1,21),(43,'truong8dt@gmail.com','2024-05-26 16:09:39.229000','truong8dt@gmail.com','2024-05-26 16:09:39.229000',_binary '\0',NULL,4,22),(44,'truong8dt@gmail.com','2024-05-26 16:09:39.230000','truong8dt@gmail.com','2024-05-26 16:09:39.230000',_binary '\0',NULL,1,22),(45,'truong8dt@gmail.com','2024-06-01 02:50:56.613000','truong8dt@gmail.com','2024-07-16 08:48:21.476000',_binary '\0','2024-07-16 08:48:21.476370',4,23),(46,'truong8dt@gmail.com','2024-06-01 02:50:56.615000','truong8dt@gmail.com','2024-07-16 08:48:21.468000',_binary '\0','2024-07-16 08:48:21.468475',8,23),(47,'chuyenp32@gmail.com','2024-06-01 10:08:45.270000','chuyenp32@gmail.com','2024-06-01 10:08:45.270000',_binary '\0',NULL,12,24),(48,'truongnguyenduc935@gmail.com','2024-07-04 16:35:04.406000','truongnguyenduc935@gmail.com','2024-07-16 16:12:59.450000',_binary '\0','2024-07-16 16:12:59.450015',5,25),(49,'truongnguyenduc935@gmail.com','2024-07-04 16:35:04.408000','truongnguyenduc935@gmail.com','2024-07-04 16:35:04.408000',_binary '\0',NULL,3,25),(50,'bennguyen2@yopmail.com','2024-07-06 03:29:46.515000','bennguyen2@yopmail.com','2024-07-06 03:29:46.515000',_binary '\0',NULL,36,26),(51,'bennguyen2@yopmail.com','2024-07-06 03:29:46.516000','bennguyen2@yopmail.com','2024-07-06 03:29:46.516000',_binary '\0',NULL,4,26),(52,'doanhtv2759@gmail.com','2024-07-09 13:39:16.068000','doanhtv2759@gmail.com','2024-07-16 13:47:10.500000',_binary '\0','2024-07-16 13:47:10.499872',6,27),(53,'doanhtv2759@gmail.com','2024-07-09 13:39:16.069000','doanhtv2759@gmail.com','2024-07-16 13:47:10.497000',_binary '\0','2024-07-16 13:47:10.497013',8,27);
/*!40000 ALTER TABLE `group_member` ENABLE KEYS */;
UNLOCK TABLES;

--
-- Table structure for table `message`
--

DROP TABLE IF EXISTS `message`;
/*!40101 SET @saved_cs_client     = @@character_set_client */;
/*!50503 SET character_set_client = utf8mb4 */;
CREATE TABLE `message` (
  `message_id` bigint NOT NULL AUTO_INCREMENT,
  `created_by` varchar(255) DEFAULT NULL,
  `created_date` datetime(6) DEFAULT NULL,
  `modified_by` varchar(255) DEFAULT NULL,
  `modified_date` datetime(6) DEFAULT NULL,
  `content` varchar(255) DEFAULT NULL,
  `media_location` varchar(255) DEFAULT NULL,
  `message_type` enum('TEXT','VIDEO') DEFAULT NULL,
  `status` int NOT NULL,
  `group_member_id` bigint DEFAULT NULL,
  PRIMARY KEY (`message_id`),
  KEY `FKggk1gfstbl8c40323lcq45iij` (`group_member_id`),
  CONSTRAINT `FKggk1gfstbl8c40323lcq45iij` FOREIGN KEY (`group_member_id`) REFERENCES `group_member` (`group_member_id`)
) ENGINE=InnoDB AUTO_INCREMENT=486 DEFAULT CHARSET=utf8mb4 COLLATE=utf8mb4_0900_ai_ci;
/*!40101 SET character_set_client = @saved_cs_client */;

--
-- Dumping data for table `message`
--

LOCK TABLES `message` WRITE;
/*!40000 ALTER TABLE `message` DISABLE KEYS */;
INSERT INTO `message` VALUES (1,'phamquynhltbn12@gmail.com','2024-04-09 07:39:17.543000','phamquynhltbn12@gmail.com','2024-04-09 07:39:17.543000','dg',NULL,'TEXT',100,5),(19,'truong8dt@gmail.com','2024-04-14 13:34:13.000000','truong8dt@gmail.com',NULL,'hi bạn','https://wetalk.ibme.edu.vn/upload/hust-app//image.png','TEXT',100,3),(20,'truongnguyenduc935@gmail.com','2024-04-14 13:34:27.000000','truongnguyenduc935@gmail.com',NULL,'có gì không',NULL,'TEXT',100,4),(21,'truong8dt@gmail.com','2024-04-14 13:34:36.000000','truong8dt@gmail.com',NULL,'không có gì đâu nhé','https://wetalk.ibme.edu.vn/upload/hust-app//image.png','TEXT',100,3),(22,'truongnguyenduc935@gmail.com','2024-04-14 13:34:43.000000','truongnguyenduc935@gmail.com',NULL,'Thật không',NULL,'TEXT',100,4),(23,'truong8dt@gmail.com','2024-04-14 13:37:11.000000','truong8dt@gmail.com',NULL,'đâu rồi sao t thấy sai','https://wetalk.ibme.edu.vn/upload/hust-app//image.png','TEXT',100,3),(24,'truongnguyenduc935@gmail.com','2024-04-14 13:37:16.000000','truongnguyenduc935@gmail.com',NULL,'sao ở đâu',NULL,'TEXT',100,4),(25,'truongnguyenduc935@gmail.com','2024-04-14 13:37:18.000000','truongnguyenduc935@gmail.com',NULL,'1',NULL,'TEXT',100,4),(26,'truong8dt@gmail.com','2024-04-14 13:37:19.000000','truong8dt@gmail.com',NULL,'2','https://wetalk.ibme.edu.vn/upload/hust-app//image.png','TEXT',100,3),(27,'truongnguyenduc935@gmail.com','2024-04-14 13:37:35.000000','truongnguyenduc935@gmail.com',NULL,'3',NULL,'TEXT',100,4),(28,'truong8dt@gmail.com','2024-04-14 13:42:50.000000','truong8dt@gmail.com',NULL,'đừng tỏ ra hay ho','https://wetalk.ibme.edu.vn/upload/hust-app//image.png','TEXT',100,3),(29,'truongnguyenduc935@gmail.com','2024-04-14 13:43:00.000000','truongnguyenduc935@gmail.com',NULL,'th thích',NULL,'TEXT',100,4),(31,'phamquynhltbn12@gmail.com','2024-04-15 03:30:23.000000','phamquynhltbn12@gmail.com',NULL,'hello','https://wetalk.ibme.edu.vn/upload/hust-app//pvq.jpg','TEXT',100,1),(32,'quynh171217@gmail.com','2024-04-15 03:30:45.000000','quynh171217@gmail.com',NULL,'chao bạn',NULL,'TEXT',100,2),(33,'phamquynhltbn12@gmail.com','2024-04-15 03:31:33.000000','phamquynhltbn12@gmail.com',NULL,'hello e zai','https://wetalk.ibme.edu.vn/upload/hust-app//pvq.jpg','TEXT',100,25),(34,'phamquynhltbn12@gmail.com','2024-04-15 03:31:40.000000','phamquynhltbn12@gmail.com',NULL,'hi e zai','https://wetalk.ibme.edu.vn/upload/hust-app//pvq.jpg','TEXT',100,23),(35,'phamquynhltbn12@gmail.com','2024-04-15 03:31:47.000000','phamquynhltbn12@gmail.com',NULL,'em chào thầy','https://wetalk.ibme.edu.vn/upload/hust-app//pvq.jpg','TEXT',100,8),(36,'phamquynhltbn12@gmail.com','2024-04-15 03:31:51.000000','phamquynhltbn12@gmail.com',NULL,'lô','https://wetalk.ibme.edu.vn/upload/hust-app//pvq.jpg','TEXT',100,6),(37,'phamquynhltbn12@gmail.com','2024-04-15 03:34:00.000000','phamquynhltbn12@gmail.com',NULL,'hi','https://wetalk.ibme.edu.vn/upload/hust-app//pvq.jpg','TEXT',100,1),(41,'doanhtv2759@gmail.com','2024-04-15 04:21:24.000000','doanhtv2759@gmail.com',NULL,'dssds','https://wetalk.ibme.edu.vn/upload/media-general//1000000037.jpg','TEXT',100,5),(54,'quynh171217@gmail.com','2024-04-15 13:05:05.000000','quynh171217@gmail.com',NULL,'lô',NULL,'TEXT',100,2),(55,'quynh171217@gmail.com','2024-04-16 01:42:41.000000','quynh171217@gmail.com',NULL,'ơi',NULL,'TEXT',100,2),(127,'hqhuy.bme@gmail.com','2024-04-17 04:29:41.000000','hqhuy.bme@gmail.com',NULL,'2',NULL,'TEXT',100,28),(128,'hqhuy.bme@gmail.com','2024-04-17 04:29:43.000000','hqhuy.bme@gmail.com',NULL,'3',NULL,'TEXT',100,28),(129,'truongnguyenduc935@gmail.com','2024-04-17 07:45:44.000000','truongnguyenduc935@gmail.com',NULL,'hi','','TEXT',100,4),(130,'truong8dt@gmail.com','2024-04-17 07:46:10.000000','truong8dt@gmail.com',NULL,'hi','','TEXT',100,3),(131,'phamquynhltbn12@gmail.com','2024-04-17 13:43:36.000000','phamquynhltbn12@gmail.com',NULL,'hello','https://wetalk.ibme.edu.vn/upload/hust-app//pvq.jpg','TEXT',100,1),(132,'quynh171217@gmail.com','2024-04-17 13:43:46.000000','quynh171217@gmail.com',NULL,'xin chào ltbn',NULL,'TEXT',100,2),(133,'phamquynhltbn12@gmail.com','2024-04-17 13:43:53.000000','phamquynhltbn12@gmail.com',NULL,'chào 17','https://wetalk.ibme.edu.vn/upload/hust-app//pvq.jpg','TEXT',100,1),(134,'truong8dt@gmail.com','2024-04-18 11:40:26.000000','truong8dt@gmail.com',NULL,'?',NULL,'TEXT',100,3),(135,'truong8dt@gmail.com','2024-04-18 11:40:50.000000','truong8dt@gmail.com',NULL,'?',NULL,'TEXT',100,3),(136,'truong8dt@gmail.com','2024-04-18 11:41:38.000000','truong8dt@gmail.com',NULL,'?,?,?,?,?,?,?,?,?hi',NULL,'TEXT',100,3),(137,'truong8dt@gmail.com','2024-04-18 14:37:40.000000','truong8dt@gmail.com',NULL,'c',NULL,'TEXT',100,3),(138,'truong8dt@gmail.com','2024-04-18 14:39:40.000000','truong8dt@gmail.com',NULL,'hi mày',NULL,'TEXT',100,3),(139,'truong8dt@gmail.com','2024-04-18 14:39:53.000000','truong8dt@gmail.com',NULL,'con cá ','https://wetalk.ibme.edu.vn/upload/hust-app//0119_con%20c%C3%A1.jpg','TEXT',100,3),(140,'truong8dt@gmail.com','2024-04-18 15:02:03.000000','truong8dt@gmail.com',NULL,'con cá ','https://wetalk.ibme.edu.vn/upload/hust-app//0119_con%20c%C3%A1.mp4','TEXT',100,3),(141,'truongnguyenduc935@gmail.com','2024-04-18 15:09:37.000000','truongnguyenduc935@gmail.com',NULL,'chờ','https://wetalk.ibme.edu.vn/upload/hust-app//434296731_737917508424169_2703668923749097575_n.mp4','TEXT',100,4),(142,'truong8dt@gmail.com','2024-04-18 15:38:38.000000','truong8dt@gmail.com',NULL,'?,?,?,➡️ có gì không',NULL,'TEXT',100,3),(143,'truongnguyenduc935@gmail.com','2024-04-18 15:40:22.000000','truongnguyenduc935@gmail.com',NULL,'hi ','https://wetalk.ibme.edu.vn/upload/hust-app//Ban%203.png','TEXT',100,4),(144,'truongnguyenduc935@gmail.com','2024-04-18 15:41:22.000000','truongnguyenduc935@gmail.com',NULL,'không thấy ảnh ','https://wetalk.ibme.edu.vn/upload/hust-app//image.png','TEXT',100,4),(145,'truong8dt@gmail.com','2024-04-18 15:50:23.000000','truong8dt@gmail.com',NULL,'top',NULL,'TEXT',100,3),(146,'truong8dt@gmail.com','2024-04-18 16:42:40.000000','truong8dt@gmail.com',NULL,'[\"?\",\"?\",\"?\",\"?\",\"?\",\"?\",\"?\",\"?\"]',NULL,'TEXT',100,3),(147,'phamquynhltbn12@gmail.com','2024-04-19 05:25:56.000000','phamquynhltbn12@gmail.com',NULL,'hi','https://wetalk.ibme.edu.vn/upload/hust-app//0120_con%20ch%C3%B3%20-%20Copy.jpg','TEXT',100,1),(148,'phamquynhltbn12@gmail.com','2024-04-19 05:26:14.000000','phamquynhltbn12@gmail.com',NULL,'cá','https://wetalk.ibme.edu.vn/upload/hust-app//0119_con%20c%C3%A1.mp4','TEXT',100,1),(161,'truong8dt@gmail.com','2024-05-18 16:28:14.000000','truong8dt@gmail.com',NULL,'hi',NULL,'TEXT',100,3),(162,'truong8dt@gmail.com','2024-05-19 10:15:56.000000','truong8dt@gmail.com',NULL,'ngày mới vv',NULL,'TEXT',100,3),(163,'truong8dt@gmail.com','2024-05-19 10:18:44.000000','truong8dt@gmail.com',NULL,'Chào mừng bạn',NULL,'TEXT',100,3),(164,'truong8dt@gmail.com','2024-05-19 10:19:40.000000','truong8dt@gmail.com',NULL,'chán không',NULL,'TEXT',100,3),(165,'truong8dt@gmail.com','2024-05-19 10:23:36.000000','truong8dt@gmail.com',NULL,'Toàn thắng',NULL,'TEXT',100,3),(166,'truongnguyenduc935@gmail.com','2024-05-19 11:07:26.000000','truongnguyenduc935@gmail.com',NULL,'1n',NULL,'TEXT',100,4),(167,'truongnguyenduc935@gmail.com','2024-05-19 11:52:34.000000','truongnguyenduc935@gmail.com',NULL,'lag à',NULL,'TEXT',100,4),(168,'truongnguyenduc935@gmail.com','2024-05-19 11:52:43.000000','truongnguyenduc935@gmail.com',NULL,'khong nhắn được',NULL,'TEXT',100,4),(169,'truongnguyenduc935@gmail.com','2024-05-19 11:52:49.000000','truongnguyenduc935@gmail.com',NULL,'được rồi',NULL,'TEXT',100,4),(170,'chuyenp32@gmail.com','2024-05-19 16:59:58.498000','chuyenp32@gmail.com','2024-05-19 16:59:58.498000','test','string','TEXT',100,23),(171,'truongnguyenduc935@gmail.com','2024-05-21 14:07:04.000000','truongnguyenduc935@gmail.com',NULL,'hi',NULL,'TEXT',100,4),(172,'truongnguyenduc935@gmail.com','2024-05-21 14:07:12.000000','truongnguyenduc935@gmail.com',NULL,'có gì hót',NULL,'TEXT',100,4),(173,'truong8dt@gmail.com','2024-05-22 13:23:20.000000','truong8dt@gmail.com',NULL,'Không gì hót',NULL,'TEXT',100,3),(174,'truong8dt@gmail.com','2024-05-22 13:23:42.000000','truong8dt@gmail.com',NULL,'Lỗi gì vậy',NULL,'TEXT',100,3),(175,'truongnguyenduc935@gmail.com','2024-05-22 13:23:56.000000','truongnguyenduc935@gmail.com',NULL,'lag quá',NULL,'TEXT',100,4),(176,'truong8dt@gmail.com','2024-05-22 13:24:13.000000','truong8dt@gmail.com',NULL,'hay',NULL,'TEXT',100,3),(177,'truong8dt@gmail.com','2024-05-22 14:59:26.000000','truong8dt@gmail.com',NULL,'hhhh',NULL,'TEXT',100,3),(178,'truong8dt@gmail.com','2024-05-22 15:18:28.000000','truong8dt@gmail.com',NULL,'lag',NULL,'TEXT',100,3),(179,'truong8dt@gmail.com','2024-05-23 01:10:39.000000','truong8dt@gmail.com',NULL,'ngayf mowis',NULL,'TEXT',100,3),(180,'hoangquanghuy@gmail.com','2024-05-23 07:02:19.000000','hoangquanghuy@gmail.com',NULL,'xxxxx',NULL,'TEXT',100,7),(181,'phamquynhltbn12@gmail.com','2024-05-24 03:53:52.000000','phamquynhltbn12@gmail.com',NULL,'hi',NULL,'TEXT',100,6),(182,'phamquynhltbn12@gmail.com','2024-05-24 03:54:01.000000','phamquynhltbn12@gmail.com',NULL,'hello',NULL,'TEXT',100,1),(183,'phamquynhltbn12@gmail.com','2024-05-24 03:54:13.000000','phamquynhltbn12@gmail.com',NULL,'123',NULL,'TEXT',100,6),(184,'phamdoan060801@gmail.com','2024-05-24 16:02:07.800000','phamdoan060801@gmail.com','2024-05-24 16:02:07.800000','hello','string','TEXT',100,24),(185,'chuyenp32@gmail.com','2024-05-24 16:08:08.457000','chuyenp32@gmail.com','2024-05-24 16:08:08.457000','test','string','TEXT',100,24),(186,'truong8dt@gmail.com','2024-05-25 02:40:23.000000','truong8dt@gmail.com',NULL,'ko',NULL,'TEXT',100,3),(187,'phamquynhltbn12@gmail.com','2024-05-25 02:52:04.000000','phamquynhltbn12@gmail.com',NULL,'hello',NULL,'TEXT',100,6),(188,'doanhtv2759@gmail.com','2024-05-25 02:52:35.000000','doanhtv2759@gmail.com',NULL,'heli','','TEXT',100,5),(189,'doanhtv2759@gmail.com','2024-05-25 02:52:47.000000','doanhtv2759@gmail.com',NULL,'hsjs','','TEXT',100,5),(190,'truong8dt@gmail.com','2024-05-25 02:53:39.000000','truong8dt@gmail.com',NULL,'chao banj',NULL,'TEXT',100,3),(191,'truong8dt@gmail.com','2024-05-25 02:54:30.000000','truong8dt@gmail.com',NULL,'hi',NULL,'TEXT',100,3),(192,'truong8dt@gmail.com','2024-05-25 03:02:11.000000','truong8dt@gmail.com',NULL,'hi banj',NULL,'TEXT',100,3),(193,'truong8dt@gmail.com','2024-05-25 03:02:30.000000','truong8dt@gmail.com',NULL,'sao hi',NULL,'TEXT',100,3),(194,'truong8dt@gmail.com','2024-05-25 03:03:08.000000','truong8dt@gmail.com',NULL,'hi',NULL,'TEXT',100,18),(195,'truong8dt@gmail.com','2024-05-25 03:03:14.000000','truong8dt@gmail.com',NULL,'hi banj',NULL,'TEXT',100,18),(196,'truongnguyenduc935@gmail.com','2024-05-26 02:22:20.000000','truongnguyenduc935@gmail.com',NULL,'hi',NULL,'TEXT',100,4),(197,'truong8dt@gmail.com','2024-05-26 07:47:07.000000','truong8dt@gmail.com',NULL,'hi',NULL,'TEXT',100,3),(198,'chuyenp32@gmail.com','2024-05-26 08:17:56.608000','chuyenp32@gmail.com','2024-05-26 08:17:56.608000','hehe','','TEXT',100,23),(199,'chuyenp32@gmail.com','2024-05-26 08:18:05.902000','chuyenp32@gmail.com','2024-05-26 08:18:05.902000','hehe','','TEXT',100,23),(200,'chuyenp32@gmail.com','2024-05-26 08:18:06.474000','chuyenp32@gmail.com','2024-05-26 08:18:06.474000','hehe','','TEXT',100,23),(201,'chuyenp32@gmail.com','2024-05-26 08:37:52.826000','chuyenp32@gmail.com','2024-05-26 08:37:52.826000','toang','','TEXT',100,24),(202,'chuyenp32@gmail.com','2024-05-26 08:38:01.424000','chuyenp32@gmail.com','2024-05-26 08:38:01.424000','toang','','TEXT',100,24),(203,'chuyenp32@gmail.com','2024-05-26 08:38:03.179000','chuyenp32@gmail.com','2024-05-26 08:38:03.179000','toang','','TEXT',100,24),(204,'chuyenp32@gmail.com','2024-05-26 08:40:52.792000','chuyenp32@gmail.com','2024-05-26 08:40:52.792000','kkk','','TEXT',100,24),(205,'chuyenp32@gmail.com','2024-05-26 08:41:20.494000','chuyenp32@gmail.com','2024-05-26 08:41:20.494000','kkk','','TEXT',100,24),(206,'chuyenp32@gmail.com','2024-05-26 08:47:07.514000','chuyenp32@gmail.com','2024-05-26 08:47:07.514000','alo','','TEXT',100,24),(207,'chuyenp32@gmail.com','2024-05-26 08:47:14.066000','chuyenp32@gmail.com','2024-05-26 08:47:14.066000','alo','','TEXT',100,24),(208,'chuyenp32@gmail.com','2024-05-26 08:47:14.636000','chuyenp32@gmail.com','2024-05-26 08:47:14.636000','alo','','TEXT',100,24),(209,'chuyenp32@gmail.com','2024-05-26 08:47:15.157000','chuyenp32@gmail.com','2024-05-26 08:47:15.157000','alo','','TEXT',100,24),(210,'chuyenp32@gmail.com','2024-05-26 08:47:15.351000','chuyenp32@gmail.com','2024-05-26 08:47:15.351000','alo','','TEXT',100,24),(211,'chuyenp32@gmail.com','2024-05-26 08:47:15.568000','chuyenp32@gmail.com','2024-05-26 08:47:15.568000','alo','','TEXT',100,24),(212,'truong8dt@gmail.com','2024-05-26 14:52:20.000000','truong8dt@gmail.com',NULL,'hi',NULL,'TEXT',100,3),(213,'truong8dt@gmail.com','2024-05-26 15:18:52.000000','truong8dt@gmail.com',NULL,'ngày mới',NULL,'TEXT',100,3),(214,'truong8dt@gmail.com','2024-05-26 15:19:35.000000','truong8dt@gmail.com',NULL,'lag quá',NULL,'TEXT',100,3),(215,'truong8dt@gmail.com','2024-05-26 15:19:56.000000','truong8dt@gmail.com',NULL,'hi',NULL,'TEXT',100,3),(216,'truong8dt@gmail.com','2024-05-26 15:29:27.000000','truong8dt@gmail.com',NULL,'222',NULL,'TEXT',100,3),(217,'truong8dt@gmail.com','2024-05-26 15:31:01.000000','truong8dt@gmail.com',NULL,'nhan',NULL,'TEXT',100,3),(218,'truong8dt@gmail.com','2024-05-26 16:01:27.000000','truong8dt@gmail.com',NULL,'hi',NULL,'TEXT',100,39),(219,'truongnguyenduc935@gmail.com','2024-05-26 16:03:56.000000','truongnguyenduc935@gmail.com',NULL,'chat 123',NULL,'TEXT',100,41),(220,'truong8dt@gmail.com','2024-05-26 16:15:52.000000','truong8dt@gmail.com',NULL,'lâu không gặp',NULL,'TEXT',100,3),(221,'truong8dt@gmail.com','2024-05-26 16:16:08.000000','truong8dt@gmail.com',NULL,'hey',NULL,'TEXT',100,37),(222,'truong8dt@gmail.com','2024-05-27 13:01:05.000000','truong8dt@gmail.com',NULL,'tốt chứ ',NULL,'TEXT',100,3),(223,'truong8dt@gmail.com','2024-05-27 13:01:05.000000','truong8dt@gmail.com',NULL,'tốt chứ',NULL,'TEXT',100,3),(224,'truong8dt@gmail.com','2024-05-27 13:01:05.000000','truong8dt@gmail.com',NULL,'tốt',NULL,'TEXT',100,3),(225,'truong8dt@gmail.com','2024-05-27 13:08:18.000000','truong8dt@gmail.com',NULL,'ngày mới',NULL,'TEXT',100,3),(226,'truong8dt@gmail.com','2024-05-27 13:08:29.000000','truong8dt@gmail.com',NULL,'đơ à',NULL,'TEXT',100,3),(227,'truong8dt@gmail.com','2024-05-29 15:57:41.000000','truong8dt@gmail.com',NULL,'hi',NULL,'TEXT',100,3),(228,'truongnguyenduc935@gmail.com','2024-05-29 16:02:19.000000','truongnguyenduc935@gmail.com',NULL,'chao may',NULL,'TEXT',100,4),(229,'truong8dt@gmail.com','2024-06-01 02:51:02.000000','truong8dt@gmail.com',NULL,'hi',NULL,'TEXT',100,45),(230,'truongnguyenduc935@gmail.com','2024-06-01 02:57:20.000000','truongnguyenduc935@gmail.com',NULL,'gi',NULL,'TEXT',100,4),(231,'anonymousUser','2024-06-01 10:25:34.977000','anonymousUser','2024-06-01 10:25:34.977000','hello a quynh','string','TEXT',100,23),(232,'truongnguyenduc935@gmail.com','2024-06-08 16:04:13.000000','truongnguyenduc935@gmail.com',NULL,'chào',NULL,'TEXT',100,4),(233,'truongnguyenduc935@gmail.com','2024-06-08 16:04:35.000000','truongnguyenduc935@gmail.com',NULL,'fail a',NULL,'TEXT',100,4),(234,'truong8dt@gmail.com','2024-06-08 16:05:29.000000','truong8dt@gmail.com',NULL,'chào lại',NULL,'TEXT',100,3),(235,'truongnguyenduc935@gmail.com','2024-06-08 16:05:40.000000','truongnguyenduc935@gmail.com',NULL,'lỗi gì à ',NULL,'TEXT',100,4),(236,'truong8dt@gmail.com','2024-06-08 16:06:54.000000','truong8dt@gmail.com',NULL,'Không biết lỗi gì lạ vậy',NULL,'TEXT',100,3),(237,'truongnguyenduc935@gmail.com','2024-06-08 16:07:10.000000','truongnguyenduc935@gmail.com',NULL,'sao lại thế',NULL,'TEXT',100,4),(238,'truong8dt@gmail.com','2024-06-08 16:07:16.000000','truong8dt@gmail.com',NULL,'hh',NULL,'TEXT',100,3),(239,'truong8dt@gmail.com','2024-06-14 14:04:52.000000','truong8dt@gmail.com',NULL,'còn thương em',NULL,'TEXT',100,3),(240,'truongnguyenduc935@gmail.com','2024-06-16 05:37:34.000000','truongnguyenduc935@gmail.com',NULL,'hi',NULL,'TEXT',100,4),(241,'truong8dt@gmail.com','2024-06-19 04:04:50.000000','truong8dt@gmail.com',NULL,'chào bạn ','https://wetalk.ibme.edu.vn/upload/hust-app//jk2.webp','TEXT',100,3),(242,'truong8dt@gmail.com','2024-06-19 04:16:52.000000','truong8dt@gmail.com',NULL,'??☺️',NULL,'TEXT',100,3),(243,'truong8dt@gmail.com','2024-06-19 04:28:04.000000','truong8dt@gmail.com',NULL,'hi','https://wetalk.ibme.edu.vn/upload/hust-app//jk2.webp','TEXT',100,45),(244,'truong8dt@gmail.com','2024-06-24 08:21:38.000000','truong8dt@gmail.com',NULL,'Hi',NULL,'TEXT',100,3),(245,'truong8dt@gmail.com','2024-06-24 10:20:47.000000','truong8dt@gmail.com',NULL,'chào bạn',NULL,'TEXT',100,3),(246,'admin@gmail.com','2024-06-29 09:37:37.000000','admin@gmail.com',NULL,'hu',NULL,'TEXT',100,42),(247,'truong8dt@gmail.com','2024-07-04 09:28:36.000000','truong8dt@gmail.com',NULL,'hi',NULL,'TEXT',100,3),(248,'truong8dt@gmail.com','2024-07-04 09:30:06.000000','truong8dt@gmail.com',NULL,'Chào bạn',NULL,'TEXT',100,3),(249,'truong8dt@gmail.com','2024-07-04 09:32:20.000000','truong8dt@gmail.com',NULL,'hello',NULL,'TEXT',100,3),(250,'truongnguyenduc935@gmail.com','2024-07-04 09:32:42.000000','truongnguyenduc935@gmail.com',NULL,'sao vậy',NULL,'TEXT',100,4),(251,'truongnguyenduc935@gmail.com','2024-07-04 09:39:27.000000','truongnguyenduc935@gmail.com',NULL,'Lỗi rồi',NULL,'TEXT',100,4),(252,'truong8dt@gmail.com','2024-07-04 09:39:47.000000','truong8dt@gmail.com',NULL,'sao ',NULL,'TEXT',100,3),(253,'truongnguyenduc935@gmail.com','2024-07-04 09:48:21.000000','truongnguyenduc935@gmail.com',NULL,'Không biết nữa',NULL,'TEXT',100,4),(254,'truongnguyenduc935@gmail.com','2024-07-04 09:48:59.000000','truongnguyenduc935@gmail.com',NULL,'sao không biết',NULL,'TEXT',100,4),(255,'truongnguyenduc935@gmail.com','2024-07-04 10:08:27.000000','truongnguyenduc935@gmail.com',NULL,'lỗi gì sao',NULL,'TEXT',100,4),(256,'truongnguyenduc935@gmail.com','2024-07-04 10:08:48.000000','truongnguyenduc935@gmail.com',NULL,'lỗi',NULL,'TEXT',100,4),(257,'truong8dt@gmail.com','2024-07-04 10:22:36.000000','truong8dt@gmail.com',NULL,'không sao',NULL,'TEXT',100,3),(258,'truong8dt@gmail.com','2024-07-04 14:08:19.000000','truong8dt@gmail.com',NULL,'Tối rồi nha',NULL,'TEXT',100,3),(259,'truong8dt@gmail.com','2024-07-04 14:10:23.000000','truong8dt@gmail.com',NULL,'Bạn làm gì sai ư',NULL,'TEXT',100,3),(260,'truongnguyenduc935@gmail.com','2024-07-04 14:10:43.000000','truongnguyenduc935@gmail.com',NULL,'Có gì sai đâu',NULL,'TEXT',100,4),(261,'truongnguyenduc935@gmail.com','2024-07-04 14:10:59.000000','truongnguyenduc935@gmail.com',NULL,'lạ thật',NULL,'TEXT',100,4),(262,'truongnguyenduc935@gmail.com','2024-07-04 14:13:14.000000','truongnguyenduc935@gmail.com',NULL,'sao',NULL,'TEXT',100,4),(263,'truong8dt@gmail.com','2024-07-04 14:15:09.000000','truong8dt@gmail.com',NULL,'không sao',NULL,'TEXT',100,3),(264,'truongnguyenduc935@gmail.com','2024-07-04 14:16:53.000000','truongnguyenduc935@gmail.com',NULL,'oke',NULL,'TEXT',100,4),(265,'truongnguyenduc935@gmail.com','2024-07-04 14:17:02.000000','truongnguyenduc935@gmail.com',NULL,'đợi mày hôm khác',NULL,'TEXT',100,4),(266,'truong8dt@gmail.com','2024-07-04 14:17:10.000000','truong8dt@gmail.com',NULL,'oke mày',NULL,'TEXT',100,3),(267,'truong8dt@gmail.com','2024-07-04 16:06:42.000000','truong8dt@gmail.com',NULL,'Lỗi',NULL,'TEXT',100,3),(268,'truongnguyenduc935@gmail.com','2024-07-04 16:06:51.000000','truongnguyenduc935@gmail.com',NULL,'thấy không',NULL,'TEXT',100,4),(269,'truongnguyenduc935@gmail.com','2024-07-04 16:45:19.000000','truongnguyenduc935@gmail.com',NULL,'hi mày',NULL,'TEXT',100,48),(270,'truongnguyenduc935@gmail.com','2024-07-04 16:47:42.000000','truongnguyenduc935@gmail.com',NULL,'Chào my',NULL,'TEXT',100,48),(271,'truongnguyenduc935@gmail.com','2024-07-04 16:48:06.000000','truongnguyenduc935@gmail.com',NULL,'Lú luôn mà',NULL,'TEXT',100,4),(272,'truongnguyenduc935@gmail.com','2024-07-04 16:48:52.000000','truongnguyenduc935@gmail.com',NULL,'sao lú ấy',NULL,'TEXT',100,48),(273,'truong8dt@gmail.com','2024-07-04 16:51:33.000000','truong8dt@gmail.com',NULL,'chào mày nha',NULL,'TEXT',100,3),(274,'truong8dt@gmail.com','2024-07-05 03:24:25.000000','truong8dt@gmail.com',NULL,'Nội dung tin nhắn','http://example.com/media','TEXT',100,18),(275,'doanhtv2759@gmail.com','2024-07-05 03:43:05.000000','doanhtv2759@gmail.com',NULL,'Nội dung tin nhắn','http://example.com/media','TEXT',100,15),(276,'doanhtv2759@gmail.com','2024-07-05 03:43:50.000000','doanhtv2759@gmail.com',NULL,'Nội dung tin nhắn','http://example.com/media','TEXT',100,15),(277,'doanhtv2759@gmail.com','2024-07-05 03:46:32.000000','doanhtv2759@gmail.com',NULL,'Nội dung tin nhắn','http://example.com/media','TEXT',100,15),(284,'truongnguyenduc935@gmail.com','2024-07-05 04:05:25.000000','truongnguyenduc935@gmail.com',NULL,'hi',NULL,'TEXT',100,4),(305,'truongnguyenduc935@gmail.com','2024-07-05 05:54:03.000000','truongnguyenduc935@gmail.com',NULL,'sao vậy',NULL,'TEXT',100,4),(309,'truong8dt@gmail.com','2024-07-05 06:01:18.000000','truong8dt@gmail.com',NULL,'Nội dung tin nhắn',NULL,'TEXT',100,45),(310,'truong8dt@gmail.com','2024-07-05 06:02:05.000000','truong8dt@gmail.com',NULL,'hi',NULL,'TEXT',100,18),(311,'vdoanh301@gmail.com','2024-07-05 06:02:53.000000','vdoanh301@gmail.com',NULL,'Nội dung tin nhắn',NULL,'TEXT',100,46),(312,'truong8dt@gmail.com','2024-07-05 06:03:51.000000','truong8dt@gmail.com',NULL,'Không sao',NULL,'TEXT',100,3),(313,'truong8dt@gmail.com','2024-07-05 06:04:00.000000','truong8dt@gmail.com',NULL,'lạ thế',NULL,'TEXT',100,3),(314,'truongnguyenduc935@gmail.com','2024-07-05 06:04:12.000000','truongnguyenduc935@gmail.com',NULL,'không biết ',NULL,'TEXT',100,4),(318,'truong8dt@gmail.com','2024-07-05 06:11:30.000000','truong8dt@gmail.com',NULL,'hi',NULL,'TEXT',100,45),(416,'doanhtv2759@gmail.com','2024-07-06 03:11:29.000000','doanhtv2759@gmail.com',NULL,'hjjj',NULL,'TEXT',100,17),(417,'truong8dt@gmail.com','2024-07-06 03:11:33.000000','truong8dt@gmail.com',NULL,'hi',NULL,'TEXT',100,18),(418,'doanhtv2759@gmail.com','2024-07-06 03:11:46.000000','doanhtv2759@gmail.com',NULL,'hi',NULL,'TEXT',100,17),(419,'truong8dt@gmail.com','2024-07-06 03:12:02.000000','truong8dt@gmail.com',NULL,'mo',NULL,'TEXT',100,18),(420,'doanhtv2759@gmail.com','2024-07-06 03:12:18.000000','doanhtv2759@gmail.com',NULL,'','https://wetalk.ibme.edu.vn/upload/media-general//Screenshot_20240705-234415.jpg','TEXT',100,17),(421,'doanhtv2759@gmail.com','2024-07-06 03:12:25.000000','doanhtv2759@gmail.com',NULL,'yy',NULL,'TEXT',100,17),(422,'truong8dt@gmail.com','2024-07-06 03:12:44.000000','truong8dt@gmail.com',NULL,'??',NULL,'TEXT',100,18),(423,'doanhtv2759@gmail.com','2024-07-06 03:12:51.000000','doanhtv2759@gmail.com',NULL,'5',NULL,'TEXT',100,17),(424,'truong8dt@gmail.com','2024-07-06 03:13:24.000000','truong8dt@gmail.com',NULL,'j','https://wetalk.ibme.edu.vn/upload/hust-app//383549898_965979137820734_6243291798134949967_n.png','TEXT',100,18),(425,'truong8dt@gmail.com','2024-07-06 03:13:44.000000','truong8dt@gmail.com',NULL,'hi',NULL,'TEXT',100,18),(426,'truongnguyenduc935@gmail.com','2024-07-06 03:15:10.000000','truongnguyenduc935@gmail.com',NULL,'dfgdsg',NULL,'TEXT',100,4),(427,'truongnguyenduc935@gmail.com','2024-07-06 03:15:19.000000','truongnguyenduc935@gmail.com',NULL,'dsg',NULL,'TEXT',100,4),(428,'truong8dt@gmail.com','2024-07-06 03:15:22.000000','truong8dt@gmail.com',NULL,'gsdg',NULL,'TEXT',100,3),(440,'truong8dt@gmail.com','2024-07-06 11:10:50.000000','truong8dt@gmail.com',NULL,'hi',NULL,'TEXT',100,3),(441,'truong8dt@gmail.com','2024-07-06 15:48:08.000000','truong8dt@gmail.com',NULL,'mới luôn',NULL,'TEXT',100,3),(442,'truong8dt@gmail.com','2024-07-06 16:28:44.000000','truong8dt@gmail.com',NULL,'connect lại',NULL,'TEXT',100,3),(443,'truong8dt@gmail.com','2024-07-06 16:35:40.000000','truong8dt@gmail.com',NULL,'hỏng rồi',NULL,'TEXT',100,3),(444,'truong8dt@gmail.com','2024-07-06 16:35:51.000000','truong8dt@gmail.com',NULL,'vi diệu',NULL,'TEXT',100,3),(445,'truong8dt@gmail.com','2024-07-06 16:43:11.000000','truong8dt@gmail.com',NULL,'aa',NULL,'TEXT',100,3),(446,'truongnguyenduc935@gmail.com','2024-07-08 13:58:17.000000','truongnguyenduc935@gmail.com',NULL,'hey',NULL,'TEXT',100,4),(447,'truongnguyenduc935@gmail.com','2024-07-08 13:58:17.000000','truongnguyenduc935@gmail.com',NULL,'fgjgfj',NULL,'TEXT',100,4),(448,'truongnguyenduc935@gmail.com','2024-07-08 13:58:17.000000','truongnguyenduc935@gmail.com',NULL,'mâm',NULL,'TEXT',100,4),(449,'truongnguyenduc935@gmail.com','2024-07-08 13:59:27.000000','truongnguyenduc935@gmail.com',NULL,'may',NULL,'TEXT',100,4),(450,'truong8dt@gmail.com','2024-07-08 13:59:31.000000','truong8dt@gmail.com',NULL,'sao',NULL,'TEXT',100,3),(451,'truong8dt@gmail.com','2024-07-08 14:11:33.000000','truong8dt@gmail.com',NULL,'hú',NULL,'TEXT',100,3),(452,'truong8dt@gmail.com','2024-07-09 14:00:36.000000','truong8dt@gmail.com',NULL,'ngày mới',NULL,'TEXT',100,3),(453,'truongnguyenduc935@gmail.com','2024-07-09 14:11:26.000000','truongnguyenduc935@gmail.com',NULL,'hh',NULL,'TEXT',100,4),(454,'truongnguyenduc935@gmail.com','2024-07-09 14:11:32.000000','truongnguyenduc935@gmail.com',NULL,'khong',NULL,'TEXT',100,4),(455,'truong8dt@gmail.com','2024-07-09 14:11:38.000000','truong8dt@gmail.com',NULL,'gi',NULL,'TEXT',100,3),(456,'truongnguyenduc935@gmail.com','2024-07-09 14:11:52.000000','truongnguyenduc935@gmail.com',NULL,'lú',NULL,'TEXT',100,4),(457,'truongnguyenduc935@gmail.com','2024-07-09 14:12:23.000000','truongnguyenduc935@gmail.com',NULL,'đây',NULL,'TEXT',100,4),(458,'truong8dt@gmail.com','2024-07-09 14:12:28.000000','truong8dt@gmail.com',NULL,'sao',NULL,'TEXT',100,3),(459,'doanhtv2759@gmail.com','2024-07-11 03:25:29.000000','doanhtv2759@gmail.com',NULL,'hêlo',NULL,'TEXT',100,52),(460,'vdoanh301@gmail.com','2024-07-11 03:27:49.000000','vdoanh301@gmail.com',NULL,'hello',NULL,'TEXT',100,53),(461,'doanhtv2759@gmail.com','2024-07-11 03:27:58.000000','doanhtv2759@gmail.com',NULL,'pro',NULL,'TEXT',100,52),(462,'vdoanh301@gmail.com','2024-07-11 03:28:03.000000','vdoanh301@gmail.com',NULL,'gjk',NULL,'TEXT',100,53),(463,'doanhtv2759@gmail.com','2024-07-11 03:28:09.000000','doanhtv2759@gmail.com',NULL,'moid',NULL,'TEXT',100,52),(464,'vdoanh301@gmail.com','2024-07-11 03:28:15.000000','vdoanh301@gmail.com',NULL,'jhj',NULL,'TEXT',100,53),(465,'vdoanh301@gmail.com','2024-07-11 07:45:07.000000','vdoanh301@gmail.com',NULL,'pro',NULL,'TEXT',100,53),(466,'vdoanh301@gmail.com','2024-07-11 07:45:15.000000','vdoanh301@gmail.com',NULL,'Long time',NULL,'TEXT',100,53),(467,'doanhtv2759@gmail.com','2024-07-11 07:45:21.000000','doanhtv2759@gmail.com',NULL,'no see\n',NULL,'TEXT',100,52),(468,'doanhtv2759@gmail.com','2024-07-11 07:45:32.000000','doanhtv2759@gmail.com',NULL,'','https://wetalk.ibme.edu.vn/upload/media-general//%C4%90au%20tai0%20.mp4','TEXT',100,52),(469,'doanhtv2759@gmail.com','2024-07-11 07:55:43.000000','doanhtv2759@gmail.com',NULL,'Hllop',NULL,'TEXT',100,52),(470,'truong8dt@gmail.com','2024-07-11 12:52:01.000000','truong8dt@gmail.com',NULL,'ngày mới',NULL,'TEXT',100,3),(471,'truong8dt@gmail.com','2024-07-11 12:52:17.000000','truong8dt@gmail.com',NULL,'h','https://wetalk.ibme.edu.vn/upload/hust-app//0119_con%20c%C3%A1.jpg','TEXT',100,3),(472,'truong8dt@gmail.com','2024-07-11 13:02:36.000000','truong8dt@gmail.com',NULL,'','https://wetalk.ibme.edu.vn/upload/hust-app//0121_con_chim.gif','TEXT',100,3),(473,'truong8dt@gmail.com','2024-07-11 13:03:20.000000','truong8dt@gmail.com',NULL,'','https://wetalk.ibme.edu.vn/upload/hust-app//0122_con%20chu%E1%BB%99t.png','TEXT',100,3),(474,'truong8dt@gmail.com','2024-07-11 13:03:27.000000','truong8dt@gmail.com',NULL,'','https://wetalk.ibme.edu.vn/upload/hust-app//0122_con%20chu%E1%BB%99t.png','TEXT',100,3),(475,'truong8dt@gmail.com','2024-07-11 13:04:20.000000','truong8dt@gmail.com',NULL,'hi',NULL,'TEXT',100,3),(476,'truong8dt@gmail.com','2024-07-11 13:04:29.000000','truong8dt@gmail.com',NULL,'','https://wetalk.ibme.edu.vn/upload/hust-app//0494_con%20b%C3%B2.png','TEXT',100,3),(477,'truong8dt@gmail.com','2024-07-11 13:05:32.000000','truong8dt@gmail.com',NULL,'','https://wetalk.ibme.edu.vn/upload/hust-app//0493_con%20b%C3%AA_1.jpg','TEXT',100,3),(478,'truong8dt@gmail.com','2024-07-11 13:06:37.000000','truong8dt@gmail.com',NULL,'','https://wetalk.ibme.edu.vn/upload/hust-app//139_cu_toi.jpg','TEXT',100,3),(479,'truong8dt@gmail.com','2024-07-11 13:08:23.000000','truong8dt@gmail.com',NULL,'???','https://wetalk.ibme.edu.vn/upload/hust-app//0121_con%20chim.mp4','TEXT',100,3),(480,'truong8dt@gmail.com','2024-07-11 13:08:31.000000','truong8dt@gmail.com',NULL,'','https://wetalk.ibme.edu.vn/upload/hust-app//0124_con%20mu%E1%BB%97i.webp','TEXT',100,3),(481,'truong8dt@gmail.com','2024-07-16 08:48:15.000000','truong8dt@gmail.com',NULL,'hi',NULL,'TEXT',100,3),(482,'vdoanh301@gmail.com','2024-07-16 13:46:58.000000','vdoanh301@gmail.com',NULL,'pro',NULL,'TEXT',100,53),(483,'vdoanh301@gmail.com','2024-07-16 13:47:06.000000','vdoanh301@gmail.com',NULL,'dê',NULL,'TEXT',100,53),(484,'vdoanh301@gmail.com','2024-07-16 13:47:33.000000','vdoanh301@gmail.com',NULL,'xin ui',NULL,'TEXT',100,53),(485,'admin@gmail.com','2024-08-06 16:01:46.000000','admin@gmail.com',NULL,'hello',NULL,'TEXT',100,44);
/*!40000 ALTER TABLE `message` ENABLE KEYS */;
UNLOCK TABLES;

--
-- Table structure for table `mobile`
--

DROP TABLE IF EXISTS `mobile`;
/*!40101 SET @saved_cs_client     = @@character_set_client */;
/*!50503 SET character_set_client = utf8mb4 */;
CREATE TABLE `mobile` (
  `mobile_id` bigint NOT NULL AUTO_INCREMENT,
  `created_by` varchar(255) DEFAULT NULL,
  `created_date` datetime(6) DEFAULT NULL,
  `modified_by` varchar(255) DEFAULT NULL,
  `modified_date` datetime(6) DEFAULT NULL,
  `mobile_location` varchar(255) DEFAULT NULL,
  PRIMARY KEY (`mobile_id`)
) ENGINE=InnoDB AUTO_INCREMENT=3 DEFAULT CHARSET=utf8mb4 COLLATE=utf8mb4_0900_ai_ci;
/*!40101 SET character_set_client = @saved_cs_client */;

--
-- Dumping data for table `mobile`
--

LOCK TABLES `mobile` WRITE;
/*!40000 ALTER TABLE `mobile` DISABLE KEYS */;
INSERT INTO `mobile` VALUES (1,'anonymousUser','2024-07-16 02:27:29.376000','anonymousUser','2024-07-16 02:51:32.448000','https://wetalk.ibme.edu.vn/upload/hust-app//WeSignUpdateMic.apk');
/*!40000 ALTER TABLE `mobile` ENABLE KEYS */;
UNLOCK TABLES;

--
-- Table structure for table `question`
--

DROP TABLE IF EXISTS `question`;
/*!40101 SET @saved_cs_client     = @@character_set_client */;
/*!50503 SET character_set_client = utf8mb4 */;
CREATE TABLE `question` (
  `question_id` bigint NOT NULL AUTO_INCREMENT,
  `created_by` varchar(255) DEFAULT NULL,
  `created_date` datetime(6) DEFAULT NULL,
  `modified_by` varchar(255) DEFAULT NULL,
  `modified_date` datetime(6) DEFAULT NULL,
  `content` varchar(2000) DEFAULT NULL,
  `explanation` varchar(2000) DEFAULT NULL,
  `image_location` varchar(255) DEFAULT NULL,
  `video_location` varchar(255) DEFAULT NULL,
  `file_type` enum('EXISTED','NOT_EXISTED') DEFAULT NULL,
  `question_type` enum('MULTIPLE_ANSWERS','ONE_ANSWER') DEFAULT NULL,
  `class_room_id` bigint DEFAULT NULL,
  PRIMARY KEY (`question_id`)
) ENGINE=InnoDB AUTO_INCREMENT=61 DEFAULT CHARSET=utf8mb4 COLLATE=utf8mb4_0900_ai_ci;
/*!40101 SET character_set_client = @saved_cs_client */;

--
-- Dumping data for table `question`
--

LOCK TABLES `question` WRITE;
/*!40000 ALTER TABLE `question` DISABLE KEYS */;
INSERT INTO `question` VALUES (27,'giaovien@gmail.com','2024-07-03 06:50:56.958000','giaovien@gmail.com','2024-07-03 06:50:56.971000','Con gì đây?','','','https://wetalk.ibme.edu.vn/upload/hust-app//0830_con_tho_W00796.mp4','EXISTED','ONE_ANSWER',14),(28,'giaovien@gmail.com','2024-07-03 06:50:56.993000','giaovien@gmail.com','2024-07-03 06:52:25.618000','Con gì đây?','','https://wetalk.ibme.edu.vn/upload/vocabularies//0496_con%20d%C3%AA.jpg','','EXISTED','ONE_ANSWER',14),(29,'giaovien@gmail.com','2024-07-03 06:50:57.012000','giaovien@gmail.com','2024-07-03 06:50:57.020000','Con gì đây','','','https://wetalk.ibme.edu.vn/upload/vocabularies//0819_con%20m%E1%BB%B1c.mp4','EXISTED','ONE_ANSWER',14),(30,'giaovien@gmail.com','2024-07-03 06:50:57.034000','truong8dt@gmail.com','2024-07-03 15:51:47.868000','Con gì đây?','','https://wetalk.ibme.edu.vn/upload/vocabularies//0119_con%20c%C3%A1.jpg','','EXISTED','ONE_ANSWER',14),(31,'giaovien@gmail.com','2024-07-04 05:40:26.035000','giaovien@gmail.com','2024-07-04 05:48:16.494000','Đây là cảm xúc gì?','','','https://wetalk.ibme.edu.vn/upload/hust-app//08_Thay-Son_1-200_10-11-12_0108___center_device11_signer08_center_ord1_29.mp4','EXISTED','ONE_ANSWER',2),(32,'giaovien@gmail.com','2024-07-04 05:40:26.065000','giaovien@gmail.com','2024-07-05 14:19:52.821000','Đây là cảm xúc gì?','','','https://wetalk.ibme.edu.vn/upload/hust-app//08_Thay-Son_1-200_10-11-12_0108___center_device11_signer08_center_ord1_29.mp4','EXISTED','ONE_ANSWER',2),(33,'giaovien@gmail.com','2024-07-04 05:44:23.829000','giaovien@gmail.com','2024-07-04 05:44:23.833000','Đây là cảm xúc gì (có chữ)?','','','https://wetalk.ibme.edu.vn/upload/hust-app//0002_b%E1%BB%B1c%20m%C3%ACnh.mp4','EXISTED','ONE_ANSWER',2),(34,'giaovien@gmail.com','2024-07-04 05:48:02.412000','giaovien@gmail.com','2024-07-04 05:48:02.416000','Đây là cảm xúc gì?','','','https://wetalk.ibme.edu.vn/upload/hust-app//08_Thay-Son_1-200_10-11-12_0108___center_device11_signer08_center_ord1_1.mp4','NOT_EXISTED','ONE_ANSWER',2),(35,'giaovien@gmail.com','2024-07-04 06:38:18.111000','giaovien@gmail.com','2024-07-04 06:38:18.115000','Con gì đây?','','','https://wetalk.ibme.edu.vn/upload/vocabularies//0119_con%20c%C3%A1.mp4','EXISTED','ONE_ANSWER',2),(38,'giaovien@gmail.com','2024-07-04 06:41:16.432000','giaovien@gmail.com','2024-07-04 06:41:16.435000','Con gì đây?','','','https://wetalk.ibme.edu.vn/upload/vocabularies//0120_con%20ch%C3%B3.mp4','EXISTED','ONE_ANSWER',2),(39,'giaovien@gmail.com','2024-07-04 06:42:09.952000','giaovien@gmail.com','2024-07-04 06:42:09.956000','Con gì đây?','','','https://wetalk.ibme.edu.vn/upload/vocabularies//0122_con%20chu%E1%BB%99t.mp4','EXISTED','ONE_ANSWER',2),(41,'giaovien@gmail.com','2024-07-04 06:44:50.147000','bennguyen2@yopmail.com','2024-07-06 03:53:03.875000','Củ gì đây ?','','','https://wetalk.ibme.edu.vn/upload/vocabularies//0141_c%E1%BB%A7%20t%E1%BB%8Fi.mp4','EXISTED','ONE_ANSWER',2),(42,'truong8dt@gmail.com','2024-07-10 15:27:38.964000','truong8dt@gmail.com','2024-07-10 15:27:38.969000','Con gì đây ?','','','https://wetalk.ibme.edu.vn/upload/vocabularies//0801_chim%20s%E1%BA%BB.mp4','EXISTED','ONE_ANSWER',2),(43,'truong8dt@gmail.com','2024-07-10 15:27:38.977000','truong8dt@gmail.com','2024-07-10 15:27:38.981000','Con gì đây ?','','','https://wetalk.ibme.edu.vn/upload/vocabularies//0819_con%20m%E1%BB%B1c.mp4','EXISTED','ONE_ANSWER',2),(44,'truong8dt@gmail.com','2024-07-10 16:18:15.770000','truong8dt@gmail.com','2024-07-10 16:18:15.776000','Con gì đây','','https://wetalk.ibme.edu.vn/upload/hust-app//0119_con%20c%C3%A1.jpg','','NOT_EXISTED','ONE_ANSWER',2),(45,'truong8dt@gmail.com','2024-07-10 16:18:15.784000','giaovien@gmail.com','2024-07-10 18:16:40.074000','Đây có phải con cá chép ?','','https://wetalk.ibme.edu.vn/upload/hust-app//0120_con%20ch%C3%B3.jpg','','NOT_EXISTED','ONE_ANSWER',2),(47,'giaovien@gmail.com','2024-07-10 17:13:25.168000','giaovien@gmail.com','2024-07-10 17:16:34.342000','Đây là quốc gia nào ?','','https://wetalk.ibme.edu.vn/upload/hust-app//VN.jpg','','NOT_EXISTED','ONE_ANSWER',15);
/*!40000 ALTER TABLE `question` ENABLE KEYS */;
UNLOCK TABLES;

--
-- Table structure for table `question_exam_mapping`
--

DROP TABLE IF EXISTS `question_exam_mapping`;
/*!40101 SET @saved_cs_client     = @@character_set_client */;
/*!50503 SET character_set_client = utf8mb4 */;
CREATE TABLE `question_exam_mapping` (
  `question_exam_id` bigint NOT NULL AUTO_INCREMENT,
  `exam_id` bigint NOT NULL,
  `question_id` bigint NOT NULL,
  PRIMARY KEY (`question_exam_id`)
) ENGINE=InnoDB AUTO_INCREMENT=110 DEFAULT CHARSET=utf8mb4 COLLATE=utf8mb4_0900_ai_ci;
/*!40101 SET character_set_client = @saved_cs_client */;

--
-- Dumping data for table `question_exam_mapping`
--

LOCK TABLES `question_exam_mapping` WRITE;
/*!40000 ALTER TABLE `question_exam_mapping` DISABLE KEYS */;
INSERT INTO `question_exam_mapping` VALUES (8,3,6),(9,3,7),(10,3,8),(11,4,1),(12,4,3),(13,4,4),(14,4,5),(15,5,1),(16,5,5),(17,5,6),(18,5,7),(19,5,8),(20,5,9),(21,5,10),(22,6,3),(23,7,1),(24,7,5),(25,7,6),(26,7,7),(27,7,8),(28,7,9),(29,7,10),(30,8,1),(31,8,3),(32,8,4),(33,8,5),(34,9,3),(35,10,1),(36,10,5),(37,11,1),(38,11,5),(47,15,19),(48,15,20),(49,16,23),(50,17,19),(51,22,19),(52,22,20),(53,22,21),(54,22,22),(55,22,23),(56,23,25),(57,24,25),(58,24,24),(59,24,23),(60,26,27),(61,26,28),(62,26,29),(63,26,30),(64,27,27),(65,27,28),(66,27,29),(67,29,31),(69,29,33),(71,29,35),(72,30,41),(73,30,39),(75,30,38),(76,30,35),(77,31,31),(79,27,30),(80,29,38),(81,29,39),(82,29,41),(89,29,43),(90,29,42),(91,34,49),(92,34,48),(93,35,47),(94,36,45),(95,36,44),(96,36,43),(97,36,41),(98,37,45),(99,37,44),(100,37,33),(101,37,35),(102,38,45),(103,38,44),(104,38,35),(105,38,31);
/*!40000 ALTER TABLE `question_exam_mapping` ENABLE KEYS */;
UNLOCK TABLES;

--
-- Table structure for table `question_exam_user_mapping`
--

DROP TABLE IF EXISTS `question_exam_user_mapping`;
/*!40101 SET @saved_cs_client     = @@character_set_client */;
/*!50503 SET character_set_client = utf8mb4 */;
CREATE TABLE `question_exam_user_mapping` (
  `question_exam_user_id` bigint NOT NULL AUTO_INCREMENT,
  `exam_id` bigint NOT NULL,
  `question_id` bigint NOT NULL,
  `selected_answers` varbinary(255) DEFAULT NULL,
  `user_id` bigint NOT NULL,
  PRIMARY KEY (`question_exam_user_id`)
) ENGINE=InnoDB AUTO_INCREMENT=108 DEFAULT CHARSET=utf8mb4 COLLATE=utf8mb4_0900_ai_ci;
/*!40101 SET character_set_client = @saved_cs_client */;

--
-- Dumping data for table `question_exam_user_mapping`
--

LOCK TABLES `question_exam_user_mapping` WRITE;
/*!40000 ALTER TABLE `question_exam_user_mapping` DISABLE KEYS */;
INSERT INTO `question_exam_user_mapping` VALUES (26,22,19,_binary '\\0ur\0[Jx u\0\0xp\0\0\0\0\0\0\0\0\0\0c',1),(27,22,20,_binary '\\0ur\0[Jx u\0\0xp\0\0\0\0\0\0\0\0\0\0f\0\0\0\0\0\0\0g',1),(28,22,21,NULL,1),(29,22,22,_binary '\\0ur\0[Jx u\0\0xp\0\0\0\0\0\0\0\0\0\0k',1),(30,22,23,_binary '\\0ur\0[Jx u\0\0xp\0\0\0\0\0\0\0\0\0\0m',1),(35,22,19,_binary '\\0ur\0[Jx u\0\0xp\0\0\0\0\0\0\0\0\0\0d',4),(36,22,20,_binary '\\0ur\0[Jx u\0\0xp\0\0\0\0\0\0\0\0\0\0f',4),(37,22,21,_binary '\\0ur\0[Jx u\0\0xp\0\0\0\0\0\0\0\0\0\0j',4),(38,22,22,_binary '\\0ur\0[Jx u\0\0xp\0\0\0\0\0\0\0\0\0\0l',4),(39,22,23,_binary '\\0ur\0[Jx u\0\0xp\0\0\0\0\0\0\0\0\0\0o',4),(40,26,27,_binary '\\0ur\0[Jx u\0\0xp\0\0\0\0\0\0\0\0\0\0x',28),(41,26,28,_binary '\\0ur\0[Jx u\0\0xp\0\0\0\0\0\0\0\0\0\0|',28),(42,26,29,_binary '\\0ur\0[Jx u\0\0xp\0\0\0\0\0\0\0\0\0\0',28),(43,26,30,_binary '\\0ur\0[Jx u\0\0xp\0\0\0\0\0\0\0\0\0\0',28),(44,27,27,_binary '\\0ur\0[Jx u\0\0xp\0\0\0\0\0\0\0\0\0\0x',28),(45,27,28,_binary '\\0ur\0[Jx u\0\0xp\0\0\0\0\0\0\0\0\0\0|',28),(46,29,31,_binary '\\0ur\0[Jx u\0\0xp\0\0\0\0\0\0\0\0\0\0',28),(47,29,32,_binary '\\0ur\0[Jx u\0\0xp\0\0\0\0\0\0\0\0\0\0',28),(48,29,33,_binary '\\0ur\0[Jx u\0\0xp\0\0\0\0\0\0\0\0\0\0',28),(49,29,34,_binary '\\0ur\0[Jx u\0\0xp\0\0\0\0\0\0\0\0\0\0',28),(50,29,35,_binary '\\0ur\0[Jx u\0\0xp\0\0\0\0\0\0\0\0\0\0',28),(51,29,31,_binary '\\0ur\0[Jx u\0\0xp\0\0\0\0\0\0\0\0\0\0',33),(52,29,32,_binary '\\0ur\0[Jx u\0\0xp\0\0\0\0\0\0\0\0\0\0',33),(53,29,33,_binary '\\0ur\0[Jx u\0\0xp\0\0\0\0\0\0\0\0\0\0',33),(54,29,34,_binary '\\0ur\0[Jx u\0\0xp\0\0\0\0\0\0\0\0\0\0',33),(55,29,35,_binary '\\0ur\0[Jx u\0\0xp\0\0\0\0\0\0\0\0\0\0',33),(56,26,27,_binary '\\0ur\0[Jx u\0\0xp\0\0\0\0\0\0\0\0\0\0x',1),(57,26,28,_binary '\\0ur\0[Jx u\0\0xp\0\0\0\0\0\0\0\0\0\0|',1),(58,26,29,_binary '\\0ur\0[Jx u\0\0xp\0\0\0\0\0\0\0\0\0\0',1),(59,26,30,_binary '\\0ur\0[Jx u\0\0xp\0\0\0\0\0\0\0\0\0\0',1),(60,27,27,_binary '\\0ur\0[Jx u\0\0xp\0\0\0\0\0\0\0\0\0\0y',8),(61,27,28,_binary '\\0ur\0[Jx u\0\0xp\0\0\0\0\0\0\0\0\0\0|',8),(62,27,29,_binary '\\0ur\0[Jx u\0\0xp\0\0\0\0\0\0\0\0\0\0',8),(63,29,31,_binary '\\0ur\0[Jx u\0\0xp\0\0\0\0\0\0\0\0\0\0',35),(64,29,32,NULL,35),(65,29,33,_binary '\\0ur\0[Jx u\0\0xp\0\0\0\0\0\0\0\0\0\0',35),(66,29,34,_binary '\\0ur\0[Jx u\0\0xp\0\0\0\0\0\0\0\0\0\0',35),(67,29,35,_binary '\\0ur\0[Jx u\0\0xp\0\0\0\0\0\0\0\0\0\0',35),(68,26,27,_binary '\\0ur\0[Jx u\0\0xp\0\0\0\0\0\0\0\0\0\0x',35),(69,26,28,_binary '\\0ur\0[Jx u\0\0xp\0\0\0\0\0\0\0\0\0\0|',35),(70,26,29,_binary '\\0ur\0[Jx u\0\0xp\0\0\0\0\0\0\0\0\0\0',35),(71,26,30,_binary '\\0ur\0[Jx u\0\0xp\0\0\0\0\0\0\0\0\0\0',35),(72,29,31,NULL,4),(73,29,32,NULL,4),(74,29,33,NULL,4),(75,29,34,NULL,4),(76,29,35,NULL,4),(77,29,38,NULL,4),(78,29,39,NULL,4),(79,29,41,_binary '\\0ur\0[Jx u\0\0xp\0\0\0\0\0\0\0\0\0\0',4),(80,29,43,_binary '\\0ur\0[Jx u\0\0xp\0\0\0\0\0\0\0\0\0\0',4),(81,29,42,_binary '\\0ur\0[Jx u\0\0xp\0\0\0\0\0\0\0\0\0\0',4),(82,29,31,_binary '\\0ur\0[Jx u\0\0xp\0\0\0\0\0\0\0\0\0\0',27),(83,29,33,_binary '\\0ur\0[Jx u\0\0xp\0\0\0\0\0\0\0\0\0\0',27),(84,29,35,NULL,27),(85,29,38,NULL,27),(86,29,39,NULL,27),(87,29,41,NULL,27),(88,29,43,NULL,27),(89,29,42,_binary '\\0ur\0[Jx u\0\0xp\0\0\0\0\0\0\0\0\0\0',27),(90,34,49,_binary '\\0ur\0[Jx u\0\0xp\0\0\0\0\0\0\0\0\0\0',28),(91,34,48,_binary '\\0ur\0[Jx u\0\0xp\0\0\0\0\0\0\0\0\0\0',28),(92,35,47,_binary '\\0ur\0[Jx u\0\0xp\0\0\0\0\0\0\0\0\0\0',28),(93,27,27,_binary '\\0ur\0[Jx u\0\0xp\0\0\0\0\0\0\0\0\0\0x',1),(94,27,28,_binary '\\0ur\0[Jx u\0\0xp\0\0\0\0\0\0\0\0\0\0|',1),(95,27,29,_binary '\\0ur\0[Jx u\0\0xp\0\0\0\0\0\0\0\0\0\0',1),(96,27,30,_binary '\\0ur\0[Jx u\0\0xp\0\0\0\0\0\0\0\0\0\0',1),(101,29,38,_binary '\\0ur\0[Jx u\0\0xp\0\0\0\0\0\0\0\0\0\0',28),(102,29,39,_binary '\\0ur\0[Jx u\0\0xp\0\0\0\0\0\0\0\0\0\0',28),(103,29,41,_binary '\\0ur\0[Jx u\0\0xp\0\0\0\0\0\0\0\0\0\0',28),(104,29,43,_binary '\\0ur\0[Jx u\0\0xp\0\0\0\0\0\0\0\0\0\0',28),(105,29,42,_binary '\\0ur\0[Jx u\0\0xp\0\0\0\0\0\0\0\0\0\0',28),(106,27,29,_binary '\\0ur\0[Jx u\0\0xp\0\0\0\0\0\0\0\0\0\0',28),(107,27,30,_binary '\\0ur\0[Jx u\0\0xp\0\0\0\0\0\0\0\0\0\0',28);
/*!40000 ALTER TABLE `question_exam_user_mapping` ENABLE KEYS */;
UNLOCK TABLES;

--
-- Table structure for table `role`
--

DROP TABLE IF EXISTS `role`;
/*!40101 SET @saved_cs_client     = @@character_set_client */;
/*!50503 SET character_set_client = utf8mb4 */;
CREATE TABLE `role` (
  `code` varchar(255) NOT NULL,
  `description` varchar(255) DEFAULT NULL,
  `name` varchar(255) DEFAULT NULL,
  PRIMARY KEY (`code`)
) ENGINE=InnoDB DEFAULT CHARSET=utf8mb4 COLLATE=utf8mb4_0900_ai_ci;
/*!40101 SET character_set_client = @saved_cs_client */;

--
-- Dumping data for table `role`
--

LOCK TABLES `role` WRITE;
/*!40000 ALTER TABLE `role` DISABLE KEYS */;
INSERT INTO `role` VALUES ('ADMIN','ADMIN','ADMIN'),('TEACHER','TEACHER','TEACHER'),('USER','USER','USER');
/*!40000 ALTER TABLE `role` ENABLE KEYS */;
UNLOCK TABLES;

--
-- Table structure for table `topic`
--

DROP TABLE IF EXISTS `topic`;
/*!40101 SET @saved_cs_client     = @@character_set_client */;
/*!50503 SET character_set_client = utf8mb4 */;
CREATE TABLE `topic` (
  `topic_id` bigint NOT NULL AUTO_INCREMENT,
  `created_by` varchar(255) DEFAULT NULL,
  `created_date` datetime(6) DEFAULT NULL,
  `modified_by` varchar(255) DEFAULT NULL,
  `modified_date` datetime(6) DEFAULT NULL,
  `content` varchar(255) DEFAULT NULL,
  `image_location` varchar(255) DEFAULT NULL,
  `video_location` varchar(255) DEFAULT NULL,
  `is_private` bit(1) NOT NULL,
  `class_room_id` bigint DEFAULT NULL,
  PRIMARY KEY (`topic_id`),
  KEY `FKt6gi0syesp2u7dh9ahh5qckoe` (`class_room_id`),
  CONSTRAINT `FKt6gi0syesp2u7dh9ahh5qckoe` FOREIGN KEY (`class_room_id`) REFERENCES `class_room` (`class_room_id`)
) ENGINE=InnoDB AUTO_INCREMENT=86 DEFAULT CHARSET=utf8mb4 COLLATE=utf8mb4_0900_ai_ci;
/*!40101 SET character_set_client = @saved_cs_client */;

--
-- Dumping data for table `topic`
--

LOCK TABLES `topic` WRITE;
/*!40000 ALTER TABLE `topic` DISABLE KEYS */;
INSERT INTO `topic` VALUES (3,'hoangquanghuy@gmail.com','2024-04-19 04:47:08.880000','giaovien@gmail.com','2024-07-04 07:52:34.392000','Động vật dưới nước','https://wetalk.ibme.edu.vn/upload/hust-app//0819_con%20m%E1%BB%B1c.jpg','',_binary '\0',NULL),(5,'hoangquanghuy@gmail.com','2024-05-02 02:50:10.470000','hoangquanghuy@gmail.com','2024-05-02 02:50:10.470000','Đồ dùng học tập','https://wetalk.ibme.edu.vn/upload/hust-app//0097_cap_sach.png',NULL,_binary '\0',NULL),(7,'hoangquanghuy@gmail.com','2024-05-02 02:56:21.088000','hoangquanghuy@gmail.com','2024-05-02 02:56:21.088000','Củ quả','https://wetalk.ibme.edu.vn/upload/hust-app//cu_qua.jpg',NULL,_binary '\0',NULL),(8,'hoangquanghuy@gmail.com','2024-05-02 05:38:53.711000','hoangquanghuy@gmail.com','2024-05-23 01:40:32.884000','Côn trùng (edit)','https://wetalk.ibme.edu.vn/upload/hust-app//0497_con%20d%E1%BA%BF.jpg','',_binary '\0',NULL),(10,'hoangquanghuy@gmail.com','2024-05-14 15:44:52.340000','hoangquanghuy@gmail.com','2024-05-14 16:03:28.414000','Bộ phận cơ thể','https://wetalk.ibme.edu.vn/upload/hust-app//Body%20Parts.jpg','',_binary '\0',NULL),(11,'hoangquanghuy@gmail.com','2024-05-14 16:02:06.362000','hoangquanghuy@gmail.com','2024-05-14 16:02:06.362000','Bệnh tật','https://wetalk.ibme.edu.vn/upload/hust-app//B%E1%BB%87nh%20t%E1%BA%ADt.jpg',NULL,_binary '\0',NULL),(40,'giaovien@gmail.com','2024-07-03 11:08:31.270000','admin@gmail.com','2024-07-13 07:54:38.271000','Cảm xúc','https://wetalk.ibme.edu.vn/upload/hust-app//142856376_ky-nang-quan-ly-cam-xuc-4.jpg','',_binary '\0',2),(41,'truong8dt@gmail.com','2024-07-03 13:32:59.436000','truong8dt@gmail.com','2024-07-03 13:32:59.436000','Máy móc',NULL,'',_binary '',2),(44,'truong8dt@gmail.com','2024-07-03 16:09:29.512000','truong8dt@gmail.com','2024-07-03 16:09:29.512000','Chủ đề riêng cho lớp 1',NULL,'',_binary '',14),(45,'bennguyen2@yopmail.com','2024-07-06 03:50:20.469000','bennguyen2@yopmail.com','2024-07-06 03:50:20.469000','Công ty',NULL,'',_binary '',2),(46,'giaovien@gmail.com','2024-07-09 14:13:17.109000','giaovien@gmail.com','2024-07-10 18:48:53.719000','Giao thông','https://wetalk.ibme.edu.vn/upload/hust-app//giao%20th%C3%B4ng.jpg','',_binary '\0',2),(48,'admin@gmail.com','2024-07-10 16:25:13.833000','admin@gmail.com','2024-07-13 03:34:29.455000','Động vật trên cạn (demo)','https://wetalk.ibme.edu.vn/upload/hust-app//%C4%91%E1%BB%99ng%20v%E1%BA%ADt%20tr%C3%AAn%20c%E1%BA%A1n.jpg','',_binary '\0',2),(49,'giaovien@gmail.com','2024-07-10 16:56:07.572000','admin@gmail.com','2024-07-13 07:55:37.306000','Bài đọc lớp 5','https://wetalk.ibme.edu.vn/upload/hust-app//1664805992932-mon-van.jpg','',_binary '\0',16),(50,'giaovien@gmail.com','2024-07-10 18:29:00.737000','giaovien@gmail.com','2024-07-10 18:29:15.114000','Động vật dưới nước ','https://wetalk.ibme.edu.vn/upload/hust-app//%C4%91%E1%BB%99ng%20v%E1%BA%ADt%20d%C6%B0%E1%BB%9Bi%20n%C6%B0%E1%BB%9Bc.jpg','',_binary '\0',2),(51,'admin@gmail.com','2024-07-11 00:49:20.993000','admin@gmail.com','2024-07-11 00:49:20.993000','Bài đọc lớp 1',NULL,'',_binary '\0',2),(52,'admin@gmail.com','2024-07-11 00:49:31.689000','admin@gmail.com','2024-07-11 00:49:31.689000','Bài đọc lớp 3',NULL,'',_binary '\0',14),(53,'admin@gmail.com','2024-07-11 00:57:23.319000','admin@gmail.com','2024-07-11 00:57:23.319000','Phương tiện giao thông','https://wetalk.ibme.edu.vn/upload/hust-app//mhoa%20xe%20m%C3%A1y.mp4','',_binary '',14),(61,'admin@gmail.com','2024-07-11 01:27:56.483000','admin@gmail.com','2024-07-11 01:31:11.405000','Bài ôn tập cuối học kỳ (demo QIPEDC)',NULL,'',_binary '\0',2),(70,'admin@gmail.com','2024-07-13 07:56:08.139000','admin@gmail.com','2024-07-13 07:56:08.139000','Bài đọc lớp 4',NULL,'',_binary '\0',15),(81,'truong8dt@gmail.com','2024-07-15 15:51:55.056000','truong8dt@gmail.com','2024-07-15 15:51:55.056000','Bảng chữ cái','https://wetalk.ibme.edu.vn/upload/hust-app//t%E1%BA%A3i%20xu%E1%BB%91ng.jpg','',_binary '\0',2),(82,'truong8dt@gmail.com','2024-07-15 15:55:19.658000','truong8dt@gmail.com','2024-07-15 15:55:19.658000','Bảng chữ số','https://wetalk.ibme.edu.vn/upload/hust-app//t%E1%BA%A3i%20xu%E1%BB%91ng%20%281%29.jpg','',_binary '\0',2),(84,'admin@gmail.com','2024-07-21 06:34:47.007000','admin@gmail.com','2024-07-21 06:34:47.007000','Gia đình',NULL,'',_binary '\0',2),(85,'admin@gmail.com','2024-07-24 02:41:01.107000','admin@gmail.com','2024-07-24 02:41:19.409000','Các câu giao tiếp lớp 5 (demo)',NULL,'',_binary '\0',16);
/*!40000 ALTER TABLE `topic` ENABLE KEYS */;
UNLOCK TABLES;

--
-- Table structure for table `user`
--

DROP TABLE IF EXISTS `user`;
/*!40101 SET @saved_cs_client     = @@character_set_client */;
/*!50503 SET character_set_client = utf8mb4 */;
CREATE TABLE `user` (
  `user_id` bigint NOT NULL AUTO_INCREMENT,
  `created_by` varchar(255) DEFAULT NULL,
  `created_date` datetime(6) DEFAULT NULL,
  `modified_by` varchar(255) DEFAULT NULL,
  `modified_date` datetime(6) DEFAULT NULL,
  `address` varchar(255) DEFAULT NULL,
  `avatar_location` varchar(255) DEFAULT NULL,
  `birth_day` datetime(6) DEFAULT NULL,
  `email` varchar(255) DEFAULT NULL,
  `gender` enum('FEMALE','MALE') DEFAULT NULL,
  `is_oauth2` bit(1) DEFAULT b'0',
  `name` varchar(255) DEFAULT NULL,
  `password` varchar(255) DEFAULT NULL,
  `phone_number` varchar(255) DEFAULT NULL,
  `code` varchar(255) DEFAULT NULL,
  `is_approved` bit(1) NOT NULL DEFAULT b'0',
  PRIMARY KEY (`user_id`),
  UNIQUE KEY `UK_ob8kqyqqgmefl0aco34akdtpe` (`email`),
  KEY `FKn3vfurnv0p6bkguxp0os8t1t7` (`code`),
  CONSTRAINT `FKn3vfurnv0p6bkguxp0os8t1t7` FOREIGN KEY (`code`) REFERENCES `role` (`code`)
) ENGINE=InnoDB AUTO_INCREMENT=36 DEFAULT CHARSET=utf8mb4 COLLATE=utf8mb4_0900_ai_ci;
/*!40101 SET character_set_client = @saved_cs_client */;

--
-- Dumping data for table `user`
--

LOCK TABLES `user` WRITE;
/*!40000 ALTER TABLE `user` DISABLE KEYS */;
INSERT INTO `user` VALUES (1,'admin@gmail.com','2024-04-08 10:04:56.677000','admin@gmail.com','2024-04-08 15:43:39.423000',NULL,NULL,NULL,'admin@gmail.com',NULL,_binary '\0','ADMIN','iBMElab2024',NULL,'ADMIN',_binary ''),(2,'anonymousUser','2024-04-08 10:16:07.382000','admin@gmail.com','2024-06-17 08:38:44.194000',NULL,NULL,NULL,'quynh12712053@gmail.com',NULL,_binary '\0','Phạm Văn Quỳnh 127','hust',NULL,'TEACHER',_binary ''),(3,'anonymousUser','2024-04-08 10:17:30.930000','admin@gmail.com','2024-07-30 07:47:17.228000',NULL,NULL,NULL,'quynh171217@gmail.com',NULL,_binary '\0','Pham Van Quynh 17','hust',NULL,'TEACHER',_binary ''),(4,'anonymousUser','2024-04-08 12:21:15.974000','truong8dt@gmail.com','2024-06-14 14:05:58.384000','Bắc Ninh','https://wetalk.ibme.edu.vn/upload/hust-app//image.png','2001-01-10 00:00:00.000000','truong8dt@gmail.com','MALE',_binary '\0','Nguyễn Văn Trường  ','12345aA@','0978803231','TEACHER',_binary ''),(5,'anonymousUser','2024-04-08 12:22:35.147000','truongnguyenduc935@gmail.com','2024-05-22 14:40:47.434000',NULL,'https://wetalk.ibme.edu.vn/upload/hust-app//Banner%20Khuye%CC%82%CC%81n%20Ma%CC%83i%20Te%CC%82%CC%81t.png','2001-01-17 00:00:00.000000','truongnguyenduc935@gmail.com','MALE',_binary '\0','Minh Nguyễn','123456aA@',NULL,'TEACHER',_binary ''),(6,'anonymousUser','2024-04-08 14:25:46.558000','doanhtv2759@gmail.com','2024-07-17 01:13:27.823000','NamDinh','https://wetalk.ibme.edu.vn/upload/media-general//Vui%20m%E1%BB%ABng0%20.jpg','2024-04-08 00:00:00.000000','doanhtv2759@gmail.com','MALE',_binary '\0','Doanh','s','0372232323','USER',_binary ''),(7,'anonymousUser','2024-04-08 15:55:43.514000','anonymousUser','2024-04-08 15:55:43.514000',NULL,NULL,NULL,'hoangquanghuy@gmail.com',NULL,_binary '\0','Hoàng Huy','123456',NULL,'TEACHER',_binary ''),(8,'anonymousUser','2024-04-11 04:48:45.079000','vdoanh301@gmail.com','2024-04-16 15:08:04.686000','Hanoi','https://wetalk.ibme.edu.vn/upload/media-general//9d9e23b9802028befafb052f7c2af883.jpg','2024-04-11 00:00:00.000000','vdoanh301@gmail.com','MALE',_binary '\0','DoanhPro','s','032323232','USER',_binary ''),(10,'anonymousUser','2024-04-13 02:14:22.016000','anonymousUser','2024-04-13 02:14:22.016000',NULL,NULL,NULL,'chuyenp32@gmail.com',NULL,_binary '\0','chuyen','123456789',NULL,'TEACHER',_binary ''),(11,'anonymousUser','2024-04-13 02:30:55.342000','anonymousUser','2024-04-13 02:30:55.342000',NULL,NULL,NULL,'phamdoan060801@gmail.com',NULL,_binary '\0','chuyendz','123456789',NULL,'TEACHER',_binary ''),(12,'anonymousUser','2024-04-15 11:31:34.039000','hqhuy.bme@gmail.com','2024-04-17 05:05:49.140000','',NULL,'2024-04-17 00:00:00.000000','hqhuy.bme@gmail.com','MALE',_binary '\0','Hoàng Huy BME','123456','0912834422','USER',_binary ''),(13,'anonymousUser','2024-05-04 04:27:33.953000','vunhatlinh04092001@gmail.com','2024-05-04 04:30:20.023000','Hà Nội','https://wetalk.ibme.edu.vn/upload/media-general//1000000339.jpg','2001-04-09 00:00:00.000000','vunhatlinh04092001@gmail.com','MALE',_binary '\0','Linh K','123456','0375020889','USER',_binary ''),(16,'anonymousUser','2024-05-16 14:58:09.077000','anonymousUser','2024-05-16 14:58:09.077000',NULL,NULL,NULL,'testwesign2@yopmail.com',NULL,_binary '\0','Nguyễn Văn An','12345aA@',NULL,'TEACHER',_binary ''),(20,'anonymousUser','2024-05-18 09:01:31.174000','anonymousUser','2024-05-18 09:01:31.174000',NULL,NULL,NULL,'testwesignew@yopmail.com',NULL,_binary '\0','nguyễn Văn A','123456aA@',NULL,'TEACHER',_binary ''),(21,'anonymousUser','2024-05-23 06:23:10.709000','anonymousUser','2024-05-23 06:23:10.709000',NULL,NULL,NULL,'vutuananh25082000@gmail.com',NULL,_binary '\0','Vũ Tuấn Anh','Nganlanyeuem123',NULL,'TEACHER',_binary ''),(22,'anonymousUser','2024-05-25 02:22:16.739000','anonymousUser','2024-05-25 02:22:16.739000',NULL,NULL,NULL,'minhnguyen123@yopmail.com',NULL,_binary '\0','Nguyễn Văn Minh','123456aA@',NULL,'USER',_binary ''),(23,'anonymousUser','2024-06-01 03:02:26.349000','anonymousUser','2024-06-01 03:02:26.349000',NULL,NULL,NULL,'2004hoangcuc@gmail.com',NULL,_binary '\0','Hoàng Cúc','hoangcuc2807',NULL,'USER',_binary ''),(24,'anonymousUser','2024-06-06 01:38:01.048000','anonymousUser','2024-06-06 01:38:01.048000',NULL,NULL,NULL,'angelmirinda1@gmail.com',NULL,_binary '\0','Nguyen M','6789',NULL,'USER',_binary ''),(25,'anonymousUser','2024-06-14 16:16:02.500000','anonymousUser','2024-06-14 16:16:02.500000',NULL,NULL,NULL,'annguyen123@yopmail.com',NULL,_binary '\0','Nguyễn Văn An','123456aA@',NULL,'USER',_binary ''),(26,'anonymousUser','2024-06-14 16:42:02.415000','anonymousUser','2024-06-14 16:42:02.415000',NULL,NULL,NULL,'bennguyen1@yopmail.com',NULL,_binary '\0','nguyễn Văn Ben','123456aA@',NULL,'TEACHER',_binary ''),(27,'anonymousUser','2024-06-14 16:42:02.415000','anonymousUser','2024-06-14 16:42:02.415000',NULL,NULL,NULL,'hocsinh@gmail.com',NULL,_binary '\0','Học Sinh','123456',NULL,'USER',_binary ''),(28,'anonymousUser','2024-06-14 16:42:02.415000','giaovien@gmail.com','2024-07-15 02:24:41.853000','số 39 đường Hoàng Ngân , quận Thanh Xuân, Hà Nội',NULL,'1975-09-20 00:00:00.000000','giaovien@gmail.com','MALE',_binary '\0','Đỗ Thanh Sơn','123456','0936377621','TEACHER',_binary ''),(29,'anonymousUser','2024-06-19 07:56:05.442000','admin@gmail.com','2024-06-19 07:57:02.996000',NULL,NULL,NULL,'phamquynhltbn12@gmail.com',NULL,_binary '\0','Phạm Văn Quỳnh','Hust@2024$',NULL,'TEACHER',_binary ''),(30,'anonymousUser','2024-06-23 13:17:40.641000','anonymousUser','2024-06-23 13:17:40.641000',NULL,NULL,NULL,'tbi398360@gmail.com',NULL,_binary '\0','vippro','s',NULL,'USER',_binary ''),(31,'anonymousUser','2024-07-04 03:27:20.992000','anonymousUser','2024-07-04 03:27:20.992000',NULL,NULL,NULL,'caominhducpx@gmail.com',NULL,_binary '\0','Cao Minh Đức','Caoduc01@',NULL,'ADMIN',_binary ''),(32,'anonymousUser','2024-07-04 03:28:02.491000','anonymousUser','2024-07-04 03:28:02.491000',NULL,NULL,NULL,'alexnguyenabc113@gmail.com',NULL,_binary '\0','Alex Nguyen','ZfeNLnWU5KmvxTZ@',NULL,'USER',_binary ''),(33,'anonymousUser','2024-07-06 03:24:16.597000','bennguyen2@yopmail.com','2024-07-07 14:20:21.368000','Bắc Ninh','https://wetalk.ibme.edu.vn/upload/hust-app//download.jpg','2001-01-10 00:00:00.000000','bennguyen2@yopmail.com','MALE',_binary '\0','Nguyễn Văn Minh ','123456aA@','0982733343','TEACHER',_binary ''),(34,'anonymousUser','2024-07-06 03:25:55.593000','vdo646185@gmail.com','2024-07-06 03:27:51.021000','Ha lội','https://wetalk.ibme.edu.vn/upload/media-general//Screenshot_20240705-234010.jpg','2024-07-06 00:00:00.000000','vdo646185@gmail.com','FEMALE',_binary '\0','quynh','s','0282828282','USER',_binary ''),(35,'anonymousUser','2024-07-10 04:21:13.163000','anonymousUser','2024-07-10 04:21:13.163000',NULL,NULL,NULL,'fossbk@gmail.com',NULL,_binary '\0','Tình nguyện viên','123456qQ@',NULL,'USER',_binary '');
/*!40000 ALTER TABLE `user` ENABLE KEYS */;
UNLOCK TABLES;

--
-- Table structure for table `user_exam_mapping`
--

DROP TABLE IF EXISTS `user_exam_mapping`;
/*!40101 SET @saved_cs_client     = @@character_set_client */;
/*!50503 SET character_set_client = utf8mb4 */;
CREATE TABLE `user_exam_mapping` (
  `user_exam_id` bigint NOT NULL AUTO_INCREMENT,
  `exam_id` bigint NOT NULL,
  `is_finish` bit(1) NOT NULL,
  `score` float NOT NULL,
  `user_id` bigint NOT NULL,
  PRIMARY KEY (`user_exam_id`)
) ENGINE=InnoDB AUTO_INCREMENT=52 DEFAULT CHARSET=utf8mb4 COLLATE=utf8mb4_0900_ai_ci;
/*!40101 SET character_set_client = @saved_cs_client */;

--
-- Dumping data for table `user_exam_mapping`
--

LOCK TABLES `user_exam_mapping` WRITE;
/*!40000 ALTER TABLE `user_exam_mapping` DISABLE KEYS */;
INSERT INTO `user_exam_mapping` VALUES (3,1,_binary '',9.8,1),(4,2,_binary '\0',0,1),(14,16,_binary '\0',0,25),(16,16,_binary '\0',0,3),(21,22,_binary '',6,28),(22,22,_binary '',6,1),(24,23,_binary '\0',0,8),(25,15,_binary '\0',0,8),(26,23,_binary '\0',0,6),(27,15,_binary '\0',0,6),(28,22,_binary '\0',0,5),(29,22,_binary '',2,4),(31,26,_binary '',10,28),(32,27,_binary '',10,28),(33,26,_binary '\0',0,31),(35,27,_binary '',10,1),(36,29,_binary '',10,28),(38,30,_binary '\0',0,6),(39,29,_binary '',6,33),(40,26,_binary '',7.5,1),(41,27,_binary '',6.66667,8),(42,29,_binary '',8,35),(43,26,_binary '',10,35),(44,29,_binary '',0,4),(45,29,_binary '',1.25,27),(46,34,_binary '',5,28),(47,35,_binary '',10,28),(49,37,_binary '\0',0,6),(50,36,_binary '\0',0,6),(51,31,_binary '\0',0,6);
/*!40000 ALTER TABLE `user_exam_mapping` ENABLE KEYS */;
UNLOCK TABLES;

--
-- Table structure for table `vocabulary`
--

DROP TABLE IF EXISTS `vocabulary`;
/*!40101 SET @saved_cs_client     = @@character_set_client */;
/*!50503 SET character_set_client = utf8mb4 */;
CREATE TABLE `vocabulary` (
  `vocabulary_id` bigint NOT NULL AUTO_INCREMENT,
  `created_by` varchar(255) DEFAULT NULL,
  `created_date` datetime(6) DEFAULT NULL,
  `modified_by` varchar(255) DEFAULT NULL,
  `modified_date` datetime(6) DEFAULT NULL,
  `content` varchar(255) DEFAULT NULL,
  `topic_id` bigint DEFAULT NULL,
  `note` varchar(255) DEFAULT NULL,
  `vocabulary_type` enum('PARAGRAPH','SENTENCE','WORD') DEFAULT NULL,
  PRIMARY KEY (`vocabulary_id`),
  KEY `FKdtg3eitwnfxdem5ick6ocp3kn` (`topic_id`),
  CONSTRAINT `FKdtg3eitwnfxdem5ick6ocp3kn` FOREIGN KEY (`topic_id`) REFERENCES `topic` (`topic_id`)
) ENGINE=InnoDB AUTO_INCREMENT=1413 DEFAULT CHARSET=utf8mb4 COLLATE=utf8mb4_0900_ai_ci;
/*!40101 SET character_set_client = @saved_cs_client */;

--
-- Dumping data for table `vocabulary`
--

LOCK TABLES `vocabulary` WRITE;
/*!40000 ALTER TABLE `vocabulary` DISABLE KEYS */;
INSERT INTO `vocabulary` VALUES (53,'truong8dt@gmail.com','2024-04-16 15:51:34.760000','giaovien@gmail.com','2024-07-10 19:06:35.793000','Châu chấu',8,NULL,'WORD'),(97,'hoangquanghuy@gmail.com','2024-05-14 15:38:25.831000','giaovien@gmail.com','2024-07-10 19:06:26.271000','Củ tỏi',7,NULL,'WORD'),(98,'hoangquanghuy@gmail.com','2024-05-14 15:45:38.049000','giaovien@gmail.com','2024-07-10 19:06:20.325000','Bàn tay',10,NULL,'WORD'),(99,'hoangquanghuy@gmail.com','2024-05-14 15:48:07.701000','giaovien@gmail.com','2024-07-10 19:06:15.205000','Bàn chân',10,NULL,'WORD'),(100,'hoangquanghuy@gmail.com','2024-05-14 15:51:18.516000','giaovien@gmail.com','2024-07-10 19:06:09.173000','Cổ chân',10,NULL,'WORD'),(101,'hoangquanghuy@gmail.com','2024-05-14 15:51:54.967000','giaovien@gmail.com','2024-07-10 19:05:58.286000','Con ghẹ',3,NULL,'WORD'),(102,'hoangquanghuy@gmail.com','2024-05-14 16:08:04.889000','giaovien@gmail.com','2024-07-10 19:05:51.053000','Mệt mỏi',11,NULL,'WORD'),(103,'hoangquanghuy@gmail.com','2024-05-14 16:11:30.726000','giaovien@gmail.com','2024-07-10 19:05:44.462000','Đau tay',11,NULL,'WORD'),(104,'hoangquanghuy@gmail.com','2024-05-14 16:14:43.824000','giaovien@gmail.com','2024-07-10 19:05:38.968000','Đau bụng',11,NULL,'WORD'),(105,'hoangquanghuy@gmail.com','2024-05-14 16:16:48.094000','giaovien@gmail.com','2024-07-10 19:05:31.435000','Đau mắt',11,NULL,'WORD'),(106,'hoangquanghuy@gmail.com','2024-05-14 16:19:48.672000','giaovien@gmail.com','2024-07-10 19:05:24.504000','Đau mắt đỏ',11,NULL,'WORD'),(107,'hoangquanghuy@gmail.com','2024-05-14 16:23:22.042000','giaovien@gmail.com','2024-07-10 19:05:17.504000','Đau tai',11,NULL,'WORD'),(108,'hoangquanghuy@gmail.com','2024-05-14 16:24:57.680000','giaovien@gmail.com','2024-07-10 19:05:11.206000','Đau chân',11,NULL,'WORD'),(199,'truong8dt@gmail.com','2024-07-03 16:10:03.361000','truong8dt@gmail.com','2024-07-03 16:10:03.361000','Chữ K',44,NULL,'WORD'),(1180,'giaovien@gmail.com','2024-07-04 05:37:30.148000','giaovien@gmail.com','2024-07-10 19:05:04.935000','Bực mình',40,NULL,'WORD'),(1181,'giaovien@gmail.com','2024-07-04 05:39:10.590000','giaovien@gmail.com','2024-07-10 19:04:58.192000','Vui mừng',40,NULL,'WORD'),(1188,'giaovien@gmail.com','2024-07-04 07:24:02.742000','giaovien@gmail.com','2024-07-10 19:04:44.590000','Con mực',3,NULL,'WORD'),(1189,'giaovien@gmail.com','2024-07-04 07:52:17.904000','giaovien@gmail.com','2024-07-10 19:04:38.762000','Con cá',3,NULL,'WORD'),(1202,'giaovien@gmail.com','2024-07-10 11:20:48.795000','giaovien@gmail.com','2024-07-10 19:04:30.111000','Con cá (demo)',3,NULL,'WORD'),(1211,'giaovien@gmail.com','2024-07-10 18:57:41.413000','giaovien@gmail.com','2024-07-10 19:04:22.654000','Con khỉ',48,NULL,'WORD'),(1212,'giaovien@gmail.com','2024-07-10 19:02:07.917000','giaovien@gmail.com','2024-07-10 19:04:09.540000','Cà rốt',7,NULL,'WORD'),(1213,'giaovien@gmail.com','2024-07-10 19:02:53.597000','giaovien@gmail.com','2024-07-10 23:39:58.281000','sách',5,NULL,'WORD'),(1215,'giaovien@gmail.com','2024-07-10 23:50:26.202000','giaovien@gmail.com','2024-07-10 23:50:26.202000','Đường sắt',46,NULL,'WORD'),(1216,'hocsinh@gmail.com','2024-07-11 00:31:36.367000','hocsinh@gmail.com','2024-07-11 00:31:36.367000','Con cá đang bơi dưới nước',49,NULL,'SENTENCE'),(1217,'admin@gmail.com','2024-07-11 00:53:00.659000','admin@gmail.com','2024-07-11 00:53:00.659000','Sư tử và chuột nhắt',51,NULL,'PARAGRAPH'),(1218,'admin@gmail.com','2024-07-11 01:09:36.209000','admin@gmail.com','2024-07-11 01:09:36.209000','Chú khỉ thông minh',51,'Chú khỉ thông minh','PARAGRAPH'),(1219,'admin@gmail.com','2024-07-11 01:11:39.369000','admin@gmail.com','2024-07-11 01:11:39.369000','Tiếng đàn ba-la-lai-ca trên sông Đà',52,'Chú khỉ thông minh','PARAGRAPH'),(1220,'admin@gmail.com','2024-07-11 01:12:19.931000','admin@gmail.com','2024-07-11 01:12:19.931000','Ông ngoại',52,NULL,'PARAGRAPH'),(1221,'admin@gmail.com','2024-07-11 01:13:13.055000','admin@gmail.com','2024-07-11 01:13:13.055000','Bài tập làm văn',51,NULL,'PARAGRAPH'),(1222,'admin@gmail.com','2024-07-11 01:30:42.917000','admin@gmail.com','2024-07-11 01:31:25.896000','Bài tổng kết học kỳ (demo QIPEDC)',61,NULL,'PARAGRAPH'),(1223,'giaovien@gmail.com','2024-07-12 01:26:34.255000','giaovien@gmail.com','2024-07-12 01:26:34.255000','con thỏ',48,NULL,'WORD'),(1224,'giaovien@gmail.com','2024-07-12 01:28:23.801000','giaovien@gmail.com','2024-07-12 01:28:23.801000','Con thỏ ăn cà rốt',48,NULL,'SENTENCE'),(1326,'admin@gmail.com','2024-07-12 10:58:11.048000','admin@gmail.com','2024-07-12 10:58:11.048000','con chó',48,NULL,'WORD'),(1327,'admin@gmail.com','2024-07-12 10:59:07.013000','admin@gmail.com','2024-07-12 10:59:07.013000','con chim',48,NULL,'WORD'),(1328,'admin@gmail.com','2024-07-12 11:01:04.118000','admin@gmail.com','2024-07-12 11:01:04.118000','con chuột',48,NULL,'WORD'),(1329,'admin@gmail.com','2024-07-12 11:03:12.458000','admin@gmail.com','2024-07-12 11:03:12.458000','con lợn',48,NULL,'WORD'),(1330,'admin@gmail.com','2024-07-12 11:03:50.213000','admin@gmail.com','2024-07-21 07:19:10.000000','con bê',48,NULL,'WORD'),(1331,'admin@gmail.com','2024-07-12 11:04:24.320000','admin@gmail.com','2024-07-12 11:04:24.320000','con bò',48,NULL,'WORD'),(1332,'admin@gmail.com','2024-07-12 11:05:19.502000','admin@gmail.com','2024-07-12 11:05:19.502000','con cò',48,NULL,'WORD'),(1333,'admin@gmail.com','2024-07-12 11:05:50.340000','admin@gmail.com','2024-07-12 11:05:50.340000','con gà',48,NULL,'WORD'),(1334,'admin@gmail.com','2024-07-12 11:06:17.004000','admin@gmail.com','2024-07-12 11:06:17.004000','con dế',48,NULL,'WORD'),(1335,'admin@gmail.com','2024-07-12 11:06:39.551000','admin@gmail.com','2024-07-12 11:06:39.551000','con ốc',48,NULL,'WORD'),(1336,'admin@gmail.com','2024-07-12 11:08:22.995000','admin@gmail.com','2024-07-12 11:08:22.995000','con sò',48,NULL,'WORD'),(1337,'admin@gmail.com','2024-07-12 11:09:24.747000','admin@gmail.com','2024-07-12 11:09:24.747000','dê con',48,NULL,'WORD'),(1338,'admin@gmail.com','2024-07-12 11:10:21.943000','admin@gmail.com','2024-07-12 11:10:28.255000','con hàu',48,NULL,'WORD'),(1339,'admin@gmail.com','2024-07-12 11:10:59.413000','admin@gmail.com','2024-07-12 11:10:59.413000','con cóc',48,NULL,'WORD'),(1340,'admin@gmail.com','2024-07-12 11:14:08.126000','admin@gmail.com','2024-07-12 11:14:08.126000','con cọp',48,NULL,'WORD'),(1341,'admin@gmail.com','2024-07-12 11:14:35.376000','admin@gmail.com','2024-07-12 11:14:35.376000','con cua',48,NULL,'WORD'),(1342,'admin@gmail.com','2024-07-12 11:15:02.729000','admin@gmail.com','2024-07-12 11:15:02.729000','con cừu',48,NULL,'WORD'),(1343,'admin@gmail.com','2024-07-12 11:16:15.224000','admin@gmail.com','2024-07-12 11:16:15.224000','con gấu',48,NULL,'WORD'),(1344,'admin@gmail.com','2024-07-12 11:16:39.814000','admin@gmail.com','2024-07-12 11:24:37.510000','con ghẹ',48,NULL,'WORD'),(1345,'admin@gmail.com','2024-07-12 11:17:31.186000','admin@gmail.com','2024-07-12 11:17:31.186000','con nai',48,NULL,'WORD'),(1347,'admin@gmail.com','2024-07-12 11:18:39.685000','admin@gmail.com','2024-07-12 11:18:54.678000','con qụa',48,NULL,'WORD'),(1348,'admin@gmail.com','2024-07-12 11:21:20.239000','admin@gmail.com','2024-07-12 11:21:20.239000','con rắn',48,NULL,'WORD'),(1350,'admin@gmail.com','2024-07-12 11:22:35.523000','admin@gmail.com','2024-07-12 11:22:35.523000','con sói',48,NULL,'WORD'),(1351,'admin@gmail.com','2024-07-12 11:23:06.172000','admin@gmail.com','2024-07-12 11:23:06.172000','con vẹt',48,NULL,'WORD'),(1352,'admin@gmail.com','2024-07-12 11:23:36.349000','admin@gmail.com','2024-07-12 11:23:36.349000','con vịt',48,NULL,'WORD'),(1353,'admin@gmail.com','2024-07-12 11:24:19.233000','admin@gmail.com','2024-07-12 11:24:19.233000','con voi',48,'','WORD'),(1354,'admin@gmail.com','2024-07-13 05:33:00.562000','admin@gmail.com','2024-07-13 05:33:00.562000','con sâu',48,NULL,'WORD'),(1355,'admin@gmail.com','2024-07-13 05:33:00.579000','admin@gmail.com','2024-07-13 05:33:00.579000','con ong',48,NULL,'WORD'),(1372,'truong8dt@gmail.com','2024-07-15 15:56:28.838000','truong8dt@gmail.com','2024-07-15 15:56:50.588000','A',81,NULL,'WORD'),(1373,'truong8dt@gmail.com','2024-07-15 15:56:28.853000','truong8dt@gmail.com','2024-07-15 15:56:56.809000','G',81,NULL,'WORD'),(1374,'truong8dt@gmail.com','2024-07-15 15:56:28.857000','truong8dt@gmail.com','2024-07-15 15:57:05.988000','J',81,NULL,'WORD'),(1375,'truong8dt@gmail.com','2024-07-15 15:56:28.861000','truong8dt@gmail.com','2024-07-15 15:57:12.872000','L',81,NULL,'WORD'),(1376,'truong8dt@gmail.com','2024-07-15 15:56:28.865000','truong8dt@gmail.com','2024-07-15 15:57:18.909000','Y',81,NULL,'WORD'),(1377,'truong8dt@gmail.com','2024-07-15 15:56:28.870000','truong8dt@gmail.com','2024-07-15 15:57:22.699000','D',81,NULL,'WORD'),(1378,'truong8dt@gmail.com','2024-07-15 15:56:28.874000','truong8dt@gmail.com','2024-07-15 15:57:30.606000','O',81,NULL,'WORD'),(1379,'truong8dt@gmail.com','2024-07-15 15:56:28.878000','truong8dt@gmail.com','2024-07-15 15:57:34.489000','R',81,NULL,'WORD'),(1380,'truong8dt@gmail.com','2024-07-15 15:56:28.882000','truong8dt@gmail.com','2024-07-15 15:57:38.971000','B',81,NULL,'WORD'),(1381,'truong8dt@gmail.com','2024-07-15 15:56:28.885000','truong8dt@gmail.com','2024-07-15 15:57:44.097000','X',81,NULL,'WORD'),(1382,'truong8dt@gmail.com','2024-07-15 15:56:28.889000','truong8dt@gmail.com','2024-07-15 15:57:49.035000','E',81,NULL,'WORD'),(1383,'truong8dt@gmail.com','2024-07-15 15:56:28.893000','truong8dt@gmail.com','2024-07-15 15:57:54.077000','H',81,NULL,'WORD'),(1384,'truong8dt@gmail.com','2024-07-15 15:56:28.897000','truong8dt@gmail.com','2024-07-15 15:57:59.049000','U',81,NULL,'WORD'),(1385,'truong8dt@gmail.com','2024-07-15 15:56:28.900000','truong8dt@gmail.com','2024-07-15 15:58:04.237000','T',81,NULL,'WORD'),(1386,'truong8dt@gmail.com','2024-07-15 15:56:28.904000','truong8dt@gmail.com','2024-07-15 15:58:09.643000','Q',81,NULL,'WORD'),(1387,'truong8dt@gmail.com','2024-07-15 15:56:28.907000','truong8dt@gmail.com','2024-07-15 15:58:13.973000','K',81,NULL,'WORD'),(1388,'truong8dt@gmail.com','2024-07-15 15:56:28.911000','truong8dt@gmail.com','2024-07-15 15:58:21.570000','Z',81,NULL,'WORD'),(1389,'truong8dt@gmail.com','2024-07-15 15:56:28.914000','truong8dt@gmail.com','2024-07-15 15:58:26.554000','N',81,NULL,'WORD'),(1390,'truong8dt@gmail.com','2024-07-15 15:56:28.917000','truong8dt@gmail.com','2024-07-15 15:58:30.601000','W',81,NULL,'WORD'),(1391,'truong8dt@gmail.com','2024-07-15 15:56:28.921000','truong8dt@gmail.com','2024-07-15 15:58:34.687000','I',81,NULL,'WORD'),(1392,'truong8dt@gmail.com','2024-07-15 15:56:28.924000','truong8dt@gmail.com','2024-07-15 15:58:38.036000','C',81,NULL,'WORD'),(1393,'truong8dt@gmail.com','2024-07-15 15:56:28.927000','truong8dt@gmail.com','2024-07-15 15:58:43.122000','V',81,NULL,'WORD'),(1394,'truong8dt@gmail.com','2024-07-15 15:56:28.930000','truong8dt@gmail.com','2024-07-15 15:58:49.009000','S',81,NULL,'WORD'),(1395,'truong8dt@gmail.com','2024-07-15 15:56:28.934000','truong8dt@gmail.com','2024-07-15 15:58:53.466000','F',81,NULL,'WORD'),(1396,'truong8dt@gmail.com','2024-07-15 15:56:28.938000','truong8dt@gmail.com','2024-07-15 15:58:57.425000','M',81,NULL,'WORD'),(1397,'truong8dt@gmail.com','2024-07-15 15:56:28.941000','truong8dt@gmail.com','2024-07-15 15:59:01.649000','P',81,NULL,'WORD'),(1398,'truong8dt@gmail.com','2024-07-15 15:59:59.558000','truong8dt@gmail.com','2024-07-15 16:00:07.691000','3',82,NULL,'WORD'),(1399,'truong8dt@gmail.com','2024-07-15 15:59:59.562000','truong8dt@gmail.com','2024-07-15 16:00:12.134000','6',82,NULL,'WORD'),(1400,'truong8dt@gmail.com','2024-07-15 15:59:59.565000','truong8dt@gmail.com','2024-07-15 16:00:16.164000','1',82,NULL,'WORD'),(1401,'truong8dt@gmail.com','2024-07-15 15:59:59.568000','truong8dt@gmail.com','2024-07-15 16:00:20.717000','5',82,NULL,'WORD'),(1402,'truong8dt@gmail.com','2024-07-15 15:59:59.571000','truong8dt@gmail.com','2024-07-15 16:00:24.978000','9',82,NULL,'WORD'),(1403,'truong8dt@gmail.com','2024-07-15 15:59:59.574000','truong8dt@gmail.com','2024-07-15 16:00:29.289000','2',82,NULL,'WORD'),(1404,'truong8dt@gmail.com','2024-07-15 15:59:59.577000','admin@gmail.com','2024-07-16 03:06:43.101000','8',82,'Mô tả ','WORD'),(1405,'admin@gmail.com','2024-07-16 03:58:18.397000','admin@gmail.com','2024-07-16 03:58:31.623000','7',82,NULL,'WORD'),(1406,'admin@gmail.com','2024-07-16 03:58:18.402000','admin@gmail.com','2024-07-16 03:58:27.227000','4',82,NULL,'WORD'),(1409,'admin@gmail.com','2024-07-21 06:35:44.208000','admin@gmail.com','2024-07-21 06:35:44.208000','ông bà',84,NULL,'WORD'),(1410,'admin@gmail.com','2024-07-21 07:20:49.936000','admin@gmail.com','2024-07-21 07:23:25.560000','Con bò đang ăn cỏ',48,'Một con bò đang ăn cỏ cùng với một con bê','SENTENCE'),(1411,'admin@gmail.com','2024-07-24 03:19:06.634000','admin@gmail.com','2024-07-24 03:19:06.634000','Chào bạn, tôi tên là An',85,NULL,'SENTENCE'),(1412,'admin@gmail.com','2024-07-24 03:19:32.778000','admin@gmail.com','2024-07-24 03:19:32.778000','Chào bạn, tên tôi là Hà',85,NULL,'SENTENCE');
/*!40000 ALTER TABLE `vocabulary` ENABLE KEYS */;
UNLOCK TABLES;

--
-- Table structure for table `vocabulary_image`
--

DROP TABLE IF EXISTS `vocabulary_image`;
/*!40101 SET @saved_cs_client     = @@character_set_client */;
/*!50503 SET character_set_client = utf8mb4 */;
CREATE TABLE `vocabulary_image` (
  `vocabulary_image_id` bigint NOT NULL AUTO_INCREMENT,
  `created_by` varchar(255) DEFAULT NULL,
  `created_date` datetime(6) DEFAULT NULL,
  `modified_by` varchar(255) DEFAULT NULL,
  `modified_date` datetime(6) DEFAULT NULL,
  `image_location` varchar(255) DEFAULT NULL,
  `is_primary` bit(1) NOT NULL,
  `vocabulary_id` bigint DEFAULT NULL,
  PRIMARY KEY (`vocabulary_image_id`),
  KEY `FKlnpmkqih9sri9d63gj3foc5oo` (`vocabulary_id`),
  CONSTRAINT `FKlnpmkqih9sri9d63gj3foc5oo` FOREIGN KEY (`vocabulary_id`) REFERENCES `vocabulary` (`vocabulary_id`)
) ENGINE=InnoDB AUTO_INCREMENT=1332 DEFAULT CHARSET=utf8mb4 COLLATE=utf8mb4_0900_ai_ci;
/*!40101 SET character_set_client = @saved_cs_client */;

--
-- Dumping data for table `vocabulary_image`
--

LOCK TABLES `vocabulary_image` WRITE;
/*!40000 ALTER TABLE `vocabulary_image` DISABLE KEYS */;
INSERT INTO `vocabulary_image` VALUES (100,'truong8dt@gmail.com','2024-04-18 11:00:28.533000','giaovien@gmail.com','2024-07-10 17:11:19.697000','https://wetalk.ibme.edu.vn/upload/hust-app//ch%C3%A2u%20ch%E1%BA%A5u.jpg',_binary '',53),(116,'hoangquanghuy@gmail.com','2024-05-14 15:38:25.841000','hoangquanghuy@gmail.com','2024-05-14 15:38:25.841000','https://wetalk.ibme.edu.vn/upload/vocabularies//139_cu_toi.jpg',_binary '',97),(117,'hoangquanghuy@gmail.com','2024-05-14 15:38:25.843000','hoangquanghuy@gmail.com','2024-05-14 15:38:25.843000','',_binary '\0',97),(118,'hoangquanghuy@gmail.com','2024-05-14 15:45:38.051000','hoangquanghuy@gmail.com','2024-05-14 15:45:38.051000','https://wetalk.ibme.edu.vn/upload/hust-app//bantay_2.jpg',_binary '',98),(119,'hoangquanghuy@gmail.com','2024-05-14 15:46:02.027000','hoangquanghuy@gmail.com','2024-05-14 15:46:02.027000','https://wetalk.ibme.edu.vn/upload/vocabularies//bantay_3.jpg',_binary '\0',98),(120,'hoangquanghuy@gmail.com','2024-05-14 15:48:07.703000','hoangquanghuy@gmail.com','2024-05-14 15:48:07.703000','https://wetalk.ibme.edu.vn/upload/hust-app//B%C3%A0n%20ch%C3%A2n_1.jpg',_binary '',99),(121,'hoangquanghuy@gmail.com','2024-05-14 15:48:17.966000','hoangquanghuy@gmail.com','2024-05-14 15:48:17.966000','https://wetalk.ibme.edu.vn/upload/vocabularies//B%C3%A0n%20ch%C3%A2n_2.jpg',_binary '\0',99),(122,'hoangquanghuy@gmail.com','2024-05-14 15:51:18.518000','hoangquanghuy@gmail.com','2024-05-14 15:51:18.518000','https://wetalk.ibme.edu.vn/upload/hust-app//C%E1%BB%95%20ch%C3%A2n_2.jpg',_binary '',100),(123,'hoangquanghuy@gmail.com','2024-05-14 15:51:54.972000','hoangquanghuy@gmail.com','2024-05-14 15:51:54.972000','https://wetalk.ibme.edu.vn/upload/vocabularies//0817_con%20gh%E1%BA%B9.jpg',_binary '',101),(124,'hoangquanghuy@gmail.com','2024-05-14 16:08:04.891000','hoangquanghuy@gmail.com','2024-05-14 16:08:04.891000','https://wetalk.ibme.edu.vn/upload/hust-app//m%E1%BB%87t%20m%E1%BB%8Fi_1.jpg',_binary '',102),(125,'hoangquanghuy@gmail.com','2024-05-14 16:11:30.728000','hoangquanghuy@gmail.com','2024-05-14 16:11:30.728000','https://wetalk.ibme.edu.vn/upload/hust-app//%C4%91au%20tay_1.jpg',_binary '',103),(126,'hoangquanghuy@gmail.com','2024-05-14 16:14:43.825000','hoangquanghuy@gmail.com','2024-05-14 16:14:43.825000','https://wetalk.ibme.edu.vn/upload/hust-app//%C4%91au%20b%E1%BB%A5ng_2.jpg',_binary '',104),(127,'hoangquanghuy@gmail.com','2024-05-14 16:14:52.642000','hoangquanghuy@gmail.com','2024-05-14 16:14:52.642000','https://wetalk.ibme.edu.vn/upload/vocabularies//%C4%91au%20b%E1%BB%A5ng_1.jpg',_binary '\0',104),(128,'hoangquanghuy@gmail.com','2024-05-14 16:16:48.096000','hoangquanghuy@gmail.com','2024-05-14 16:16:48.096000','https://wetalk.ibme.edu.vn/upload/hust-app//%C4%91au%20m%E1%BA%AFt.jpg',_binary '',105),(129,'hoangquanghuy@gmail.com','2024-05-14 16:19:48.674000','hoangquanghuy@gmail.com','2024-05-14 16:19:48.674000','https://wetalk.ibme.edu.vn/upload/hust-app//%C4%91au%20m%E1%BA%AFt%20%C4%91%E1%BB%8F_1.jpg',_binary '',106),(130,'hoangquanghuy@gmail.com','2024-05-14 16:20:01.489000','hoangquanghuy@gmail.com','2024-05-14 16:20:01.489000','https://wetalk.ibme.edu.vn/upload/vocabularies//%C4%91au%20m%E1%BA%AFt%20%C4%91%E1%BB%8F_2.jpg',_binary '\0',106),(131,'hoangquanghuy@gmail.com','2024-05-14 16:23:22.043000','hoangquanghuy@gmail.com','2024-05-14 16:23:22.043000','https://wetalk.ibme.edu.vn/upload/hust-app//%C4%91au%20tai_1.jpg',_binary '',107),(132,'hoangquanghuy@gmail.com','2024-05-14 16:23:41.067000','hoangquanghuy@gmail.com','2024-05-14 16:23:41.067000','https://wetalk.ibme.edu.vn/upload/vocabularies//%C4%91au%20tai_2.jpg',_binary '\0',107),(133,'hoangquanghuy@gmail.com','2024-05-14 16:24:57.682000','hoangquanghuy@gmail.com','2024-05-14 16:24:57.682000','https://wetalk.ibme.edu.vn/upload/hust-app//%C4%91au%20ch%C3%A2n_1.jpg',_binary '',108),(134,'hoangquanghuy@gmail.com','2024-05-14 16:25:08.122000','hoangquanghuy@gmail.com','2024-05-14 16:25:08.122000','https://wetalk.ibme.edu.vn/upload/vocabularies//%C4%91au%20ch%C3%A2n_2.jpg',_binary '\0',108),(229,'truong8dt@gmail.com','2024-07-03 16:10:03.363000','truong8dt@gmail.com','2024-07-03 16:10:03.363000','https://wetalk.ibme.edu.vn/upload/hust-app//0831_con%20t%C3%B4m.jpg',_binary '',199),(1210,'giaovien@gmail.com','2024-07-04 06:23:56.217000','giaovien@gmail.com','2024-07-04 06:23:56.217000','https://wetalk.ibme.edu.vn/upload/vocabularies//001_buc_minh.jpg',_binary '\0',1180),(1220,'giaovien@gmail.com','2024-07-04 07:24:02.745000','giaovien@gmail.com','2024-07-10 18:03:06.043000','https://wetalk.ibme.edu.vn/upload/hust-app//con%20m%E1%BB%B1c.png',_binary '',1188),(1221,'giaovien@gmail.com','2024-07-04 07:52:17.931000','giaovien@gmail.com','2024-07-04 07:52:17.931000','https://wetalk.ibme.edu.vn/upload/vocabularies//0119_con%20c%C3%A1.jpg',_binary '',1189),(1234,'giaovien@gmail.com','2024-07-10 11:20:48.801000','giaovien@gmail.com','2024-07-10 11:20:48.801000','https://wetalk.ibme.edu.vn/upload/vocabularies//0119_con_ca_mau.png',_binary '\0',1202),(1235,'giaovien@gmail.com','2024-07-10 11:20:48.802000','truong8dt@gmail.com','2024-07-10 15:20:47.926000','https://wetalk.ibme.edu.vn/upload/hust-app//0119_con%20c%C3%A1.jpg',_binary '\0',1202),(1236,'giaovien@gmail.com','2024-07-10 11:20:48.802000','giaovien@gmail.com','2024-07-10 11:24:55.861000','https://wetalk.ibme.edu.vn/upload/vocabularies//0119_con_ca_real.png',_binary '',1202),(1246,'giaovien@gmail.com','2024-07-10 18:10:54.263000','giaovien@gmail.com','2024-07-10 18:10:56.600000','https://wetalk.ibme.edu.vn/upload/vocabularies//vui%20m%E1%BB%ABng.jpg',_binary '',1181),(1247,'giaovien@gmail.com','2024-07-10 18:57:41.414000','giaovien@gmail.com','2024-07-10 18:57:41.414000','https://wetalk.ibme.edu.vn/upload/hust-app//con%20kh%E1%BB%89.jpg',_binary '',1211),(1248,'giaovien@gmail.com','2024-07-10 19:02:07.919000','giaovien@gmail.com','2024-07-10 19:02:07.919000','https://wetalk.ibme.edu.vn/upload/vocabularies//c%C3%A0%20r%E1%BB%91t.png',_binary '',1212),(1249,'giaovien@gmail.com','2024-07-10 19:02:53.598000','giaovien@gmail.com','2024-07-10 23:40:46.840000','https://wetalk.ibme.edu.vn/upload/hust-app//s%C3%A1ch.png',_binary '',1213),(1251,'giaovien@gmail.com','2024-07-10 23:50:26.204000','giaovien@gmail.com','2024-07-10 23:50:26.204000','https://wetalk.ibme.edu.vn/upload/hust-app//%C4%91%C6%B0%E1%BB%9Dng%20s%E1%BA%AFt.jpg',_binary '',1215),(1252,'hocsinh@gmail.com','2024-07-11 00:32:31.274000','hocsinh@gmail.com','2024-07-11 00:32:33.348000','https://wetalk.ibme.edu.vn/upload/vocabularies//con%20c%C3%A1%20%C4%91ang%20b%C6%A1i%20d%C6%B0%E1%BB%9Bi%20n%C6%B0%E1%BB%9Bc.png',_binary '',1216),(1253,'admin@gmail.com','2024-07-11 00:53:00.661000','admin@gmail.com','2024-07-11 00:53:00.661000','https://wetalk.ibme.edu.vn/upload/hust-app//TVL1KB19_02.jpg',_binary '',1217),(1254,'admin@gmail.com','2024-07-11 01:09:36.211000','admin@gmail.com','2024-07-11 01:09:36.211000','https://wetalk.ibme.edu.vn/upload/hust-app//TVL2KB16_02.jpg',_binary '',1218),(1255,'admin@gmail.com','2024-07-11 01:11:39.370000','admin@gmail.com','2024-07-11 01:11:39.370000','https://wetalk.ibme.edu.vn/upload/hust-app//TVL5KB11_02.jpg',_binary '',1219),(1256,'admin@gmail.com','2024-07-11 01:12:19.933000','admin@gmail.com','2024-07-11 01:12:19.933000','https://wetalk.ibme.edu.vn/upload/hust-app//TVL3KB12_02.jpg',_binary '',1220),(1257,'admin@gmail.com','2024-07-11 01:13:13.057000','admin@gmail.com','2024-07-11 01:13:13.057000','https://wetalk.ibme.edu.vn/upload/hust-app//TVL3KB11_02.jpg',_binary '',1221),(1258,'admin@gmail.com','2024-07-11 01:30:42.918000','admin@gmail.com','2024-07-11 01:30:42.918000','https://wetalk.ibme.edu.vn/upload/hust-app//TVL1_T%E1%BA%A1m%20bi%E1%BB%87t.jpg',_binary '',1222),(1259,'giaovien@gmail.com','2024-07-12 01:26:34.266000','giaovien@gmail.com','2024-07-12 01:26:34.266000','https://wetalk.ibme.edu.vn/upload/hust-app//0830_con_tho.jpg',_binary '',1223),(1260,'giaovien@gmail.com','2024-07-12 01:28:23.804000','giaovien@gmail.com','2024-07-12 01:28:23.804000','https://wetalk.ibme.edu.vn/upload/hust-app//0830_con_tho_an_ca_rot.jpg',_binary '',1224),(1261,'admin@gmail.com','2024-07-12 10:58:11.050000','admin@gmail.com','2024-07-12 10:58:11.050000','https://wetalk.ibme.edu.vn/upload/hust-app//0120_con%20ch%C3%B3.jpg',_binary '',1326),(1262,'admin@gmail.com','2024-07-12 10:59:07.015000','admin@gmail.com','2024-07-12 10:59:07.015000','https://wetalk.ibme.edu.vn/upload/hust-app//0121_con_chim.gif',_binary '',1327),(1263,'admin@gmail.com','2024-07-12 11:01:04.120000','admin@gmail.com','2024-07-12 11:01:04.120000','https://wetalk.ibme.edu.vn/upload/hust-app//0122_con%20chu%E1%BB%99t.png',_binary '',1328),(1264,'admin@gmail.com','2024-07-12 11:03:12.460000','admin@gmail.com','2024-07-12 11:03:12.460000','https://wetalk.ibme.edu.vn/upload/hust-app//0123_con%20l%E1%BB%A3n%20%28con%20heo%29.png',_binary '',1329),(1265,'admin@gmail.com','2024-07-12 11:03:50.214000','admin@gmail.com','2024-07-12 11:03:50.214000','https://wetalk.ibme.edu.vn/upload/hust-app//0493_con%20b%C3%AA.jpg',_binary '',1330),(1266,'admin@gmail.com','2024-07-12 11:04:24.322000','admin@gmail.com','2024-07-12 11:04:24.322000','https://wetalk.ibme.edu.vn/upload/hust-app//0494_con%20b%C3%B2.png',_binary '',1331),(1267,'admin@gmail.com','2024-07-12 11:05:19.503000','admin@gmail.com','2024-07-12 11:05:19.503000','https://wetalk.ibme.edu.vn/upload/hust-app//0495_con%20c%C3%B2.jpg',_binary '',1332),(1268,'admin@gmail.com','2024-07-12 11:05:50.342000','admin@gmail.com','2024-07-12 11:05:50.342000','https://wetalk.ibme.edu.vn/upload/hust-app//0499_con%20g%C3%A0.jpg',_binary '',1333),(1269,'admin@gmail.com','2024-07-12 11:06:17.005000','admin@gmail.com','2024-07-12 11:06:17.005000','https://wetalk.ibme.edu.vn/upload/hust-app//0497_con%20d%E1%BA%BF.jpg',_binary '',1334),(1270,'admin@gmail.com','2024-07-12 11:06:39.553000','admin@gmail.com','2024-07-12 11:06:39.553000','https://wetalk.ibme.edu.vn/upload/hust-app//0500_con%20%E1%BB%91c.jpg',_binary '',1335),(1271,'admin@gmail.com','2024-07-12 11:08:22.996000','admin@gmail.com','2024-07-12 11:08:22.996000','https://wetalk.ibme.edu.vn/upload/hust-app//0501_con%20s%C3%B2.jpg',_binary '',1336),(1272,'admin@gmail.com','2024-07-12 11:09:24.748000','admin@gmail.com','2024-07-12 11:09:24.748000','https://wetalk.ibme.edu.vn/upload/hust-app//0530_d%C3%AA%20con.jpg',_binary '',1337),(1273,'admin@gmail.com','2024-07-12 11:10:21.945000','admin@gmail.com','2024-07-12 11:10:21.945000','https://wetalk.ibme.edu.vn/upload/hust-app//0659_con%20h%C3%A0u.jpg',_binary '',1338),(1274,'admin@gmail.com','2024-07-12 11:10:59.415000','admin@gmail.com','2024-07-12 11:10:59.415000','https://wetalk.ibme.edu.vn/upload/hust-app//0809_con%20c%C3%B3c.png',_binary '',1339),(1275,'admin@gmail.com','2024-07-12 11:14:08.128000','admin@gmail.com','2024-07-12 11:14:08.128000','https://wetalk.ibme.edu.vn/upload/hust-app//0810_con%20c%E1%BB%8Dp.jpg',_binary '',1340),(1276,'admin@gmail.com','2024-07-12 11:14:35.378000','admin@gmail.com','2024-07-12 11:14:35.378000','https://wetalk.ibme.edu.vn/upload/hust-app//0811_con%20cua.jpg',_binary '',1341),(1277,'admin@gmail.com','2024-07-12 11:15:02.730000','admin@gmail.com','2024-07-12 11:15:02.730000','https://wetalk.ibme.edu.vn/upload/hust-app//0812_con%20c%E1%BB%ABu.jpg',_binary '',1342),(1278,'admin@gmail.com','2024-07-12 11:16:15.226000','admin@gmail.com','2024-07-12 11:16:15.226000','https://wetalk.ibme.edu.vn/upload/hust-app//0816_con%20g%E1%BA%A5u.jpg',_binary '',1343),(1279,'admin@gmail.com','2024-07-12 11:16:39.816000','admin@gmail.com','2024-07-12 11:16:39.816000','https://wetalk.ibme.edu.vn/upload/hust-app//0817_con%20gh%E1%BA%B9.jpg',_binary '',1344),(1280,'admin@gmail.com','2024-07-12 11:17:31.187000','admin@gmail.com','2024-07-12 11:17:31.187000','https://wetalk.ibme.edu.vn/upload/hust-app//0820_con%20nai.jpg',_binary '',1345),(1282,'admin@gmail.com','2024-07-12 11:18:39.686000','admin@gmail.com','2024-07-12 11:18:39.686000','https://wetalk.ibme.edu.vn/upload/hust-app//0822_con%20qu%E1%BA%A1.jpg',_binary '',1347),(1283,'admin@gmail.com','2024-07-12 11:21:20.240000','admin@gmail.com','2024-07-12 11:21:20.240000','https://wetalk.ibme.edu.vn/upload/hust-app//0823_con%20r%E1%BA%AFn.jpg',_binary '',1348),(1285,'admin@gmail.com','2024-07-12 11:22:35.524000','admin@gmail.com','2024-07-12 11:22:35.524000','https://wetalk.ibme.edu.vn/upload/hust-app//0828_con%20s%C3%B3i.jpg',_binary '',1350),(1286,'admin@gmail.com','2024-07-12 11:23:06.174000','admin@gmail.com','2024-07-12 11:23:06.174000','https://wetalk.ibme.edu.vn/upload/hust-app//0833_con%20v%E1%BA%B9t.jpg',_binary '',1351),(1287,'admin@gmail.com','2024-07-12 11:23:36.350000','admin@gmail.com','2024-07-12 11:23:36.350000','https://wetalk.ibme.edu.vn/upload/hust-app//0834_con%20v%E1%BB%8Bt.jpg',_binary '',1352),(1288,'admin@gmail.com','2024-07-12 11:24:19.235000','admin@gmail.com','2024-07-12 11:24:19.235000','https://wetalk.ibme.edu.vn/upload/hust-app//0835_con%20voi.jpg',_binary '',1353),(1289,'admin@gmail.com','2024-07-13 05:33:00.568000','admin@gmail.com','2024-07-13 05:33:00.568000','https://wetalk.ibme.edu.vn/upload/hust-app//0826_con%20s%C3%A2u.jpg',_binary '',1354),(1290,'admin@gmail.com','2024-07-13 05:33:00.582000','truong8dt@gmail.com','2024-07-14 16:00:55.978000','https://wetalk.ibme.edu.vn/upload/hust-app//0821_con%20ong.png',_binary '',1355),(1292,'truong8dt@gmail.com','2024-07-15 15:56:28.847000','truong8dt@gmail.com','2024-07-15 15:56:28.847000','https://wetalk.ibme.edu.vn/upload/vocabularies//A.webp',_binary '',1372),(1293,'truong8dt@gmail.com','2024-07-15 15:56:28.855000','truong8dt@gmail.com','2024-07-15 15:56:28.855000','https://wetalk.ibme.edu.vn/upload/vocabularies//G.webp',_binary '',1373),(1294,'truong8dt@gmail.com','2024-07-15 15:56:28.859000','truong8dt@gmail.com','2024-07-15 15:56:28.859000','https://wetalk.ibme.edu.vn/upload/vocabularies//J.webp',_binary '',1374),(1295,'truong8dt@gmail.com','2024-07-15 15:56:28.863000','truong8dt@gmail.com','2024-07-15 15:56:28.863000','https://wetalk.ibme.edu.vn/upload/vocabularies//L.webp',_binary '',1375),(1296,'truong8dt@gmail.com','2024-07-15 15:56:28.867000','truong8dt@gmail.com','2024-07-15 15:56:28.867000','https://wetalk.ibme.edu.vn/upload/vocabularies//Y.webp',_binary '',1376),(1297,'truong8dt@gmail.com','2024-07-15 15:56:28.872000','truong8dt@gmail.com','2024-07-15 15:56:28.872000','https://wetalk.ibme.edu.vn/upload/vocabularies//D.webp',_binary '',1377),(1298,'truong8dt@gmail.com','2024-07-15 15:56:28.875000','truong8dt@gmail.com','2024-07-15 15:56:28.875000','https://wetalk.ibme.edu.vn/upload/vocabularies//O.webp',_binary '',1378),(1299,'truong8dt@gmail.com','2024-07-15 15:56:28.879000','truong8dt@gmail.com','2024-07-15 15:56:28.879000','https://wetalk.ibme.edu.vn/upload/vocabularies//R.webp',_binary '',1379),(1300,'truong8dt@gmail.com','2024-07-15 15:56:28.883000','truong8dt@gmail.com','2024-07-15 15:56:28.883000','https://wetalk.ibme.edu.vn/upload/vocabularies//B.webp',_binary '',1380),(1301,'truong8dt@gmail.com','2024-07-15 15:56:28.887000','truong8dt@gmail.com','2024-07-15 15:56:28.887000','https://wetalk.ibme.edu.vn/upload/vocabularies//X.webp',_binary '',1381),(1302,'truong8dt@gmail.com','2024-07-15 15:56:28.890000','truong8dt@gmail.com','2024-07-15 15:56:28.890000','https://wetalk.ibme.edu.vn/upload/vocabularies//E.webp',_binary '',1382),(1303,'truong8dt@gmail.com','2024-07-15 15:56:28.894000','truong8dt@gmail.com','2024-07-15 15:56:28.894000','https://wetalk.ibme.edu.vn/upload/vocabularies//H.webp',_binary '',1383),(1304,'truong8dt@gmail.com','2024-07-15 15:56:28.898000','truong8dt@gmail.com','2024-07-15 15:56:28.898000','https://wetalk.ibme.edu.vn/upload/vocabularies//U.webp',_binary '',1384),(1305,'truong8dt@gmail.com','2024-07-15 15:56:28.901000','truong8dt@gmail.com','2024-07-15 15:56:28.901000','https://wetalk.ibme.edu.vn/upload/vocabularies//T.webp',_binary '',1385),(1306,'truong8dt@gmail.com','2024-07-15 15:56:28.905000','truong8dt@gmail.com','2024-07-15 15:56:28.905000','https://wetalk.ibme.edu.vn/upload/vocabularies//Q.webp',_binary '',1386),(1307,'truong8dt@gmail.com','2024-07-15 15:56:28.908000','truong8dt@gmail.com','2024-07-15 15:56:28.908000','https://wetalk.ibme.edu.vn/upload/vocabularies//K.webp',_binary '',1387),(1308,'truong8dt@gmail.com','2024-07-15 15:56:28.912000','truong8dt@gmail.com','2024-07-15 15:56:28.912000','https://wetalk.ibme.edu.vn/upload/vocabularies//Z.webp',_binary '',1388),(1309,'truong8dt@gmail.com','2024-07-15 15:56:28.915000','truong8dt@gmail.com','2024-07-15 15:56:28.915000','https://wetalk.ibme.edu.vn/upload/vocabularies//N.webp',_binary '',1389),(1310,'truong8dt@gmail.com','2024-07-15 15:56:28.918000','truong8dt@gmail.com','2024-07-15 15:56:28.918000','https://wetalk.ibme.edu.vn/upload/vocabularies//W.webp',_binary '',1390),(1311,'truong8dt@gmail.com','2024-07-15 15:56:28.922000','truong8dt@gmail.com','2024-07-15 15:56:28.922000','https://wetalk.ibme.edu.vn/upload/vocabularies//I.webp',_binary '',1391),(1312,'truong8dt@gmail.com','2024-07-15 15:56:28.925000','truong8dt@gmail.com','2024-07-15 15:56:28.925000','https://wetalk.ibme.edu.vn/upload/vocabularies//C.webp',_binary '',1392),(1313,'truong8dt@gmail.com','2024-07-15 15:56:28.928000','truong8dt@gmail.com','2024-07-15 15:56:28.928000','https://wetalk.ibme.edu.vn/upload/vocabularies//V.webp',_binary '',1393),(1314,'truong8dt@gmail.com','2024-07-15 15:56:28.932000','truong8dt@gmail.com','2024-07-15 15:56:28.932000','https://wetalk.ibme.edu.vn/upload/vocabularies//S.webp',_binary '',1394),(1315,'truong8dt@gmail.com','2024-07-15 15:56:28.935000','truong8dt@gmail.com','2024-07-15 15:56:28.935000','https://wetalk.ibme.edu.vn/upload/vocabularies//F.webp',_binary '',1395),(1316,'truong8dt@gmail.com','2024-07-15 15:56:28.939000','truong8dt@gmail.com','2024-07-15 15:56:28.939000','https://wetalk.ibme.edu.vn/upload/vocabularies//M.webp',_binary '',1396),(1317,'truong8dt@gmail.com','2024-07-15 15:56:28.942000','truong8dt@gmail.com','2024-07-15 15:56:28.942000','https://wetalk.ibme.edu.vn/upload/vocabularies//P.webp',_binary '',1397),(1318,'truong8dt@gmail.com','2024-07-15 15:59:59.560000','truong8dt@gmail.com','2024-07-15 15:59:59.560000','https://wetalk.ibme.edu.vn/upload/vocabularies//3.webp',_binary '',1398),(1319,'truong8dt@gmail.com','2024-07-15 15:59:59.563000','truong8dt@gmail.com','2024-07-15 15:59:59.563000','https://wetalk.ibme.edu.vn/upload/vocabularies//6.webp',_binary '',1399),(1320,'truong8dt@gmail.com','2024-07-15 15:59:59.566000','truong8dt@gmail.com','2024-07-15 15:59:59.566000','https://wetalk.ibme.edu.vn/upload/vocabularies//1.webp',_binary '',1400),(1321,'truong8dt@gmail.com','2024-07-15 15:59:59.569000','truong8dt@gmail.com','2024-07-15 15:59:59.569000','https://wetalk.ibme.edu.vn/upload/vocabularies//5.webp',_binary '',1401),(1322,'truong8dt@gmail.com','2024-07-15 15:59:59.572000','truong8dt@gmail.com','2024-07-15 15:59:59.572000','https://wetalk.ibme.edu.vn/upload/vocabularies//9.webp',_binary '',1402),(1323,'truong8dt@gmail.com','2024-07-15 15:59:59.575000','truong8dt@gmail.com','2024-07-15 15:59:59.575000','https://wetalk.ibme.edu.vn/upload/vocabularies//2.webp',_binary '',1403),(1324,'truong8dt@gmail.com','2024-07-15 15:59:59.578000','truong8dt@gmail.com','2024-07-15 15:59:59.578000','https://wetalk.ibme.edu.vn/upload/vocabularies//8.webp',_binary '',1404),(1325,'admin@gmail.com','2024-07-16 03:58:18.399000','admin@gmail.com','2024-07-16 03:58:18.399000','https://wetalk.ibme.edu.vn/upload/vocabularies//7.webp',_binary '',1405),(1326,'admin@gmail.com','2024-07-16 03:58:18.403000','admin@gmail.com','2024-07-16 03:58:18.403000','https://wetalk.ibme.edu.vn/upload/vocabularies//4.webp',_binary '',1406),(1329,'admin@gmail.com','2024-07-21 07:24:20.293000','admin@gmail.com','2024-07-21 07:24:23.947000','https://wetalk.ibme.edu.vn/upload/vocabularies//con%20b%C3%B2%20%C4%83n%20c%E1%BB%8F.jpg',_binary '',1410),(1330,'admin@gmail.com','2024-07-24 03:41:29.060000','admin@gmail.com','2024-07-24 03:41:29.060000','https://wetalk.ibme.edu.vn/upload/vocabularies//Ch%C3%A0o%20b%E1%BA%A1n%2C%20t%C3%AAn%20t%C3%B4i%20l%C3%A0%20An.png',_binary '\0',1412),(1331,'admin@gmail.com','2024-07-24 03:41:51.929000','admin@gmail.com','2024-07-24 03:41:51.929000','https://wetalk.ibme.edu.vn/upload/vocabularies//Ch%C3%A0o%20b%E1%BA%A1n%2C%20t%C3%AAn%20t%C3%B4i%20l%C3%A0%20An.png',_binary '\0',1411);
/*!40000 ALTER TABLE `vocabulary_image` ENABLE KEYS */;
UNLOCK TABLES;

--
-- Table structure for table `vocabulary_video`
--

DROP TABLE IF EXISTS `vocabulary_video`;
/*!40101 SET @saved_cs_client     = @@character_set_client */;
/*!50503 SET character_set_client = utf8mb4 */;
CREATE TABLE `vocabulary_video` (
  `vocabulary_video_id` bigint NOT NULL AUTO_INCREMENT,
  `created_by` varchar(255) DEFAULT NULL,
  `created_date` datetime(6) DEFAULT NULL,
  `modified_by` varchar(255) DEFAULT NULL,
  `modified_date` datetime(6) DEFAULT NULL,
  `is_primary` bit(1) NOT NULL,
  `video_location` varchar(255) DEFAULT NULL,
  `vocabulary_id` bigint DEFAULT NULL,
  PRIMARY KEY (`vocabulary_video_id`),
  KEY `FKrg36qrk5reo4fidttev18jmuf` (`vocabulary_id`),
  CONSTRAINT `FKrg36qrk5reo4fidttev18jmuf` FOREIGN KEY (`vocabulary_id`) REFERENCES `vocabulary` (`vocabulary_id`)
) ENGINE=InnoDB AUTO_INCREMENT=1358 DEFAULT CHARSET=utf8mb4 COLLATE=utf8mb4_0900_ai_ci;
/*!40101 SET character_set_client = @saved_cs_client */;

--
-- Dumping data for table `vocabulary_video`
--

LOCK TABLES `vocabulary_video` WRITE;
/*!40000 ALTER TABLE `vocabulary_video` DISABLE KEYS */;
INSERT INTO `vocabulary_video` VALUES (54,'truong8dt@gmail.com','2024-04-16 15:51:34.763000','truong8dt@gmail.com','2024-04-18 11:00:39.751000',_binary '','https://wetalk.ibme.edu.vn/upload/vocabularies//0832_con%20tr%E1%BB%8F.mp4',53),(119,'hoangquanghuy@gmail.com','2024-05-14 15:38:25.854000','hoangquanghuy@gmail.com','2024-05-14 15:38:25.854000',_binary '','https://wetalk.ibme.edu.vn/upload/vocabularies//0141_c%E1%BB%A7%20t%E1%BB%8Fi.mp4',97),(120,'hoangquanghuy@gmail.com','2024-05-14 15:45:38.052000','hoangquanghuy@gmail.com','2024-05-14 15:45:38.052000',_binary '','https://wetalk.ibme.edu.vn/upload/hust-app//0248_b%C3%A0n%20tay.mp4',98),(121,'hoangquanghuy@gmail.com','2024-05-14 15:48:07.704000','hoangquanghuy@gmail.com','2024-05-14 15:48:07.704000',_binary '','https://wetalk.ibme.edu.vn/upload/hust-app//0244_b%C3%A0n%20ch%C3%A2n.mp4',99),(122,'hoangquanghuy@gmail.com','2024-05-14 15:51:18.519000','hoangquanghuy@gmail.com','2024-05-14 15:51:18.519000',_binary '','https://wetalk.ibme.edu.vn/upload/hust-app//0836_c%E1%BB%95%20ch%C3%A2n.mp4',100),(123,'hoangquanghuy@gmail.com','2024-05-14 15:51:54.975000','hoangquanghuy@gmail.com','2024-05-14 15:51:54.975000',_binary '','https://wetalk.ibme.edu.vn/upload/vocabularies//0817_con%20gh%E1%BA%B9.mp4',101),(124,'hoangquanghuy@gmail.com','2024-05-14 16:08:04.892000','hoangquanghuy@gmail.com','2024-05-14 16:08:04.892000',_binary '','https://wetalk.ibme.edu.vn/upload/hust-app//0186_m%E1%BB%87t%20m%E1%BB%8Fi.mp4',102),(125,'hoangquanghuy@gmail.com','2024-05-14 16:11:30.729000','hoangquanghuy@gmail.com','2024-05-14 16:11:30.729000',_binary '','https://wetalk.ibme.edu.vn/upload/hust-app//0189_%C4%91au%20tay.mp4',103),(126,'hoangquanghuy@gmail.com','2024-05-14 16:14:43.827000','hoangquanghuy@gmail.com','2024-05-14 16:14:43.827000',_binary '','https://wetalk.ibme.edu.vn/upload/hust-app//0188_%C4%91au%20b%E1%BB%A5ng.mp4',104),(127,'hoangquanghuy@gmail.com','2024-05-14 16:16:48.097000','hoangquanghuy@gmail.com','2024-05-14 16:16:48.097000',_binary '','https://wetalk.ibme.edu.vn/upload/hust-app//0187_%C4%91au%20m%E1%BA%AFt.mp4',105),(128,'hoangquanghuy@gmail.com','2024-05-14 16:19:48.675000','hoangquanghuy@gmail.com','2024-05-14 16:19:48.675000',_binary '','https://wetalk.ibme.edu.vn/upload/hust-app//0210_%C4%91au%20m%E1%BA%AFt%20%C4%91%E1%BB%8F.mp4',106),(129,'hoangquanghuy@gmail.com','2024-05-14 16:23:22.044000','hoangquanghuy@gmail.com','2024-05-14 16:23:22.044000',_binary '','https://wetalk.ibme.edu.vn/upload/hust-app//0191_%C4%91au%20tai.mp4',107),(130,'hoangquanghuy@gmail.com','2024-05-14 16:24:57.683000','hoangquanghuy@gmail.com','2024-05-14 16:24:57.683000',_binary '','https://wetalk.ibme.edu.vn/upload/hust-app//0190_%C4%91au%20ch%C3%A2n.mp4',108),(1219,'giaovien@gmail.com','2024-07-04 05:37:30.149000','giaovien@gmail.com','2024-07-04 05:37:30.149000',_binary '','https://wetalk.ibme.edu.vn/upload/hust-app//0002_b%E1%BB%B1c%20m%C3%ACnh.mp4',1180),(1220,'giaovien@gmail.com','2024-07-04 05:39:10.591000','admin@gmail.com','2024-07-25 07:59:17.154000',_binary '\0','https://wetalk.ibme.edu.vn/upload/hust-app//08_Thay-Son_1-200_10-11-12_0108___center_device11_signer08_center_ord1_29.mp4',1181),(1221,'giaovien@gmail.com','2024-07-04 06:25:34.032000','giaovien@gmail.com','2024-07-04 06:25:34.032000',_binary '\0','https://wetalk.ibme.edu.vn/upload/vocabularies//08_Thay-Son_1-200_10-11-12_0108___center_device11_signer08_center_ord1_1.mp4',1180),(1230,'giaovien@gmail.com','2024-07-04 07:24:02.747000','giaovien@gmail.com','2024-07-04 07:24:02.747000',_binary '','https://wetalk.ibme.edu.vn/upload/vocabularies//0819_con%20m%E1%BB%B1c.mp4',1188),(1231,'giaovien@gmail.com','2024-07-04 07:52:17.933000','giaovien@gmail.com','2024-07-04 07:52:17.933000',_binary '','https://wetalk.ibme.edu.vn/upload/vocabularies//0119_con%20c%C3%A1.mp4',1189),(1242,'giaovien@gmail.com','2024-07-09 11:51:52.115000','giaovien@gmail.com','2024-07-09 11:51:52.115000',_binary '\0','https://wetalk.ibme.edu.vn/upload/vocabularies//119_con_ca_W00737B.mp4',1189),(1243,'giaovien@gmail.com','2024-07-09 11:52:05.392000','giaovien@gmail.com','2024-07-09 11:52:05.392000',_binary '\0','https://wetalk.ibme.edu.vn/upload/vocabularies//119_con_ca_W00737B_dang_boi_duoi_nuoc.mp4',1189),(1246,'giaovien@gmail.com','2024-07-10 11:20:48.805000','giaovien@gmail.com','2024-07-10 11:20:48.805000',_binary '','https://wetalk.ibme.edu.vn/upload/vocabularies//0119_con%20c%C3%A1.mp4',1202),(1247,'giaovien@gmail.com','2024-07-10 11:20:48.806000','giaovien@gmail.com','2024-07-10 11:20:48.806000',_binary '\0','https://wetalk.ibme.edu.vn/upload/vocabularies//18_Tuoi_1-200_7-8-9_0119___center_device39_signer18_center_ord1_118.mp4',1202),(1257,'giaovien@gmail.com','2024-07-10 23:34:26.837000','giaovien@gmail.com','2024-07-10 23:34:29.714000',_binary '','https://wetalk.ibme.edu.vn/upload/vocabularies//c%C3%A0%20r%E1%BB%91t.mp4',1212),(1258,'giaovien@gmail.com','2024-07-10 23:36:39.180000','giaovien@gmail.com','2024-07-10 23:36:39.180000',_binary '\0','https://wetalk.ibme.edu.vn/upload/vocabularies//con%20kh%E1%BB%89.mp4',1211),(1260,'giaovien@gmail.com','2024-07-10 23:41:29.694000','admin@gmail.com','2024-07-21 07:17:28.471000',_binary '\0','https://wetalk.ibme.edu.vn/upload/vocabularies//s%C3%A1ch.mp4',1213),(1261,'giaovien@gmail.com','2024-07-10 23:50:51.561000','giaovien@gmail.com','2024-07-10 23:50:51.561000',_binary '\0','https://wetalk.ibme.edu.vn/upload/vocabularies//%C4%91%C6%B0%E1%BB%9Dng%20s%E1%BA%AFt.mp4',1215),(1262,'hocsinh@gmail.com','2024-07-11 00:31:36.368000','hocsinh@gmail.com','2024-07-11 00:31:36.368000',_binary '','https://wetalk.ibme.edu.vn/upload/hust-app//t%E1%BA%ADp%20l%C3%A0m%20v%C4%83n.mp4',1216),(1263,'admin@gmail.com','2024-07-11 00:53:00.661000','admin@gmail.com','2024-07-11 00:53:00.661000',_binary '','https://wetalk.ibme.edu.vn/upload/hust-app//TVL1KB19_02.webm',1217),(1264,'admin@gmail.com','2024-07-11 01:09:36.211000','admin@gmail.com','2024-07-11 01:09:36.211000',_binary '','https://wetalk.ibme.edu.vn/upload/hust-app//TVL2KB16_02.webm',1218),(1265,'admin@gmail.com','2024-07-11 01:11:39.372000','admin@gmail.com','2024-07-11 01:11:39.372000',_binary '','https://wetalk.ibme.edu.vn/upload/hust-app//TVL5KB11_02.webm',1219),(1266,'admin@gmail.com','2024-07-11 01:12:19.934000','admin@gmail.com','2024-07-11 01:12:19.934000',_binary '','https://wetalk.ibme.edu.vn/upload/hust-app//TVL3KB12_02.webm',1220),(1267,'admin@gmail.com','2024-07-11 01:13:13.057000','admin@gmail.com','2024-07-11 01:13:13.057000',_binary '','https://wetalk.ibme.edu.vn/upload/hust-app//TVL3KB11_02.webm',1221),(1268,'admin@gmail.com','2024-07-11 01:30:42.919000','admin@gmail.com','2024-07-11 01:30:42.919000',_binary '','https://wetalk.ibme.edu.vn/upload/hust-app//TVL1_T%E1%BA%A1m%20bi%E1%BB%87t.mp4',1222),(1269,'giaovien@gmail.com','2024-07-12 01:26:34.272000','giaovien@gmail.com','2024-07-12 01:26:34.272000',_binary '','https://wetalk.ibme.edu.vn/upload/hust-app//0830_con_tho_W00796.mp4',1223),(1270,'giaovien@gmail.com','2024-07-12 01:28:23.805000','giaovien@gmail.com','2024-07-12 01:28:23.805000',_binary '','https://wetalk.ibme.edu.vn/upload/hust-app//0830_con_tho_W00796_an_ca_rot.mp4',1224),(1271,'admin@gmail.com','2024-07-12 10:54:45.400000','admin@gmail.com','2024-07-12 10:54:51.113000',_binary '','https://wetalk.ibme.edu.vn/upload/vocabularies//0818_con%20kh%E1%BB%89.mp4',1211),(1272,'admin@gmail.com','2024-07-12 10:58:11.052000','admin@gmail.com','2024-07-12 10:58:11.052000',_binary '','https://wetalk.ibme.edu.vn/upload/hust-app//0120_con%20ch%C3%B3.mp4',1326),(1273,'admin@gmail.com','2024-07-12 10:59:07.016000','admin@gmail.com','2024-07-12 10:59:07.016000',_binary '','https://wetalk.ibme.edu.vn/upload/hust-app//0121_con%20chim.mp4',1327),(1274,'admin@gmail.com','2024-07-12 11:01:04.121000','admin@gmail.com','2024-07-12 11:01:04.121000',_binary '','https://wetalk.ibme.edu.vn/upload/hust-app//0122_con%20chu%E1%BB%99t.mp4',1328),(1275,'admin@gmail.com','2024-07-12 11:03:12.461000','admin@gmail.com','2024-07-12 11:03:12.461000',_binary '','https://wetalk.ibme.edu.vn/upload/hust-app//0123_con%20l%E1%BB%A3n%20%28con%20heo%29.mp4',1329),(1276,'admin@gmail.com','2024-07-12 11:04:24.323000','admin@gmail.com','2024-07-12 11:04:24.323000',_binary '','https://wetalk.ibme.edu.vn/upload/hust-app//0494_con%20b%C3%B2.mp4',1331),(1277,'admin@gmail.com','2024-07-12 11:05:19.504000','admin@gmail.com','2024-07-12 11:05:19.504000',_binary '','https://wetalk.ibme.edu.vn/upload/hust-app//0495_con%20c%C3%B2.mp4',1332),(1278,'admin@gmail.com','2024-07-12 11:05:50.343000','admin@gmail.com','2024-07-12 11:05:50.343000',_binary '','https://wetalk.ibme.edu.vn/upload/hust-app//0499_con%20g%C3%A0.mp4',1333),(1279,'admin@gmail.com','2024-07-12 11:06:17.006000','admin@gmail.com','2024-07-12 11:06:17.006000',_binary '','https://wetalk.ibme.edu.vn/upload/hust-app//0497_con%20d%E1%BA%BF.mp4',1334),(1280,'admin@gmail.com','2024-07-12 11:06:39.554000','admin@gmail.com','2024-07-12 11:06:39.554000',_binary '','https://wetalk.ibme.edu.vn/upload/hust-app//0500_con%20%E1%BB%91c.mp4',1335),(1281,'admin@gmail.com','2024-07-12 11:08:22.997000','admin@gmail.com','2024-07-12 11:08:22.997000',_binary '','https://wetalk.ibme.edu.vn/upload/hust-app//0500_con%20%E1%BB%91c.mp4',1336),(1282,'admin@gmail.com','2024-07-12 11:09:24.749000','admin@gmail.com','2024-07-12 11:09:24.749000',_binary '','https://wetalk.ibme.edu.vn/upload/hust-app//0530_d%C3%AA%20con.mp4',1337),(1283,'admin@gmail.com','2024-07-12 11:10:21.946000','admin@gmail.com','2024-07-12 11:10:21.946000',_binary '','https://wetalk.ibme.edu.vn/upload/hust-app//0659_con%20h%C3%A0u.mp4',1338),(1284,'admin@gmail.com','2024-07-12 11:10:59.417000','admin@gmail.com','2024-07-12 11:10:59.417000',_binary '','https://wetalk.ibme.edu.vn/upload/hust-app//0809_con%20c%C3%B3c.mp4',1339),(1285,'admin@gmail.com','2024-07-12 11:14:08.129000','admin@gmail.com','2024-07-12 11:14:08.129000',_binary '','https://wetalk.ibme.edu.vn/upload/hust-app//0810_con%20c%E1%BB%8Dp.mp4',1340),(1286,'admin@gmail.com','2024-07-12 11:14:35.379000','admin@gmail.com','2024-07-12 11:14:35.379000',_binary '','https://wetalk.ibme.edu.vn/upload/hust-app//0811_con%20cua.mp4',1341),(1287,'admin@gmail.com','2024-07-12 11:15:02.731000','admin@gmail.com','2024-07-12 11:15:02.731000',_binary '','https://wetalk.ibme.edu.vn/upload/hust-app//0812_con%20c%E1%BB%ABu.mp4',1342),(1288,'admin@gmail.com','2024-07-12 11:16:15.227000','admin@gmail.com','2024-07-12 11:16:15.227000',_binary '','https://wetalk.ibme.edu.vn/upload/hust-app//0816_con%20g%E1%BA%A5u.mp4',1343),(1289,'admin@gmail.com','2024-07-12 11:16:39.817000','admin@gmail.com','2024-07-12 11:16:39.817000',_binary '','https://wetalk.ibme.edu.vn/upload/hust-app//0817_con%20gh%E1%BA%B9.mp4',1344),(1290,'admin@gmail.com','2024-07-12 11:17:31.188000','admin@gmail.com','2024-07-12 11:17:31.188000',_binary '','https://wetalk.ibme.edu.vn/upload/hust-app//0820_con%20nai.mp4',1345),(1292,'admin@gmail.com','2024-07-12 11:18:39.687000','admin@gmail.com','2024-07-12 11:18:39.687000',_binary '','https://wetalk.ibme.edu.vn/upload/hust-app//0822_con%20qu%E1%BA%A1.mp4',1347),(1293,'admin@gmail.com','2024-07-12 11:21:20.241000','admin@gmail.com','2024-07-12 11:21:20.241000',_binary '','https://wetalk.ibme.edu.vn/upload/hust-app//0823_con%20r%E1%BA%AFn.mp4',1348),(1295,'admin@gmail.com','2024-07-12 11:22:35.525000','admin@gmail.com','2024-07-12 11:22:35.525000',_binary '','https://wetalk.ibme.edu.vn/upload/hust-app//0828_con%20s%C3%B3i.mp4',1350),(1296,'admin@gmail.com','2024-07-12 11:23:06.174000','admin@gmail.com','2024-07-12 11:23:06.174000',_binary '','https://wetalk.ibme.edu.vn/upload/hust-app//0833_con%20v%E1%BA%B9t.mp4',1351),(1297,'admin@gmail.com','2024-07-12 11:23:36.351000','admin@gmail.com','2024-07-12 11:23:36.351000',_binary '','https://wetalk.ibme.edu.vn/upload/hust-app//0834_con%20v%E1%BB%8Bt.mp4',1352),(1298,'admin@gmail.com','2024-07-12 11:24:19.236000','admin@gmail.com','2024-07-12 11:24:19.236000',_binary '','https://wetalk.ibme.edu.vn/upload/hust-app//0835_con%20voi.mp4',1353),(1299,'admin@gmail.com','2024-07-13 05:33:00.570000','admin@gmail.com','2024-07-13 05:33:00.570000',_binary '','https://wetalk.ibme.edu.vn/upload/hust-app//0826_con%20s%C3%A2u.mp4',1354),(1300,'admin@gmail.com','2024-07-13 05:33:00.585000','admin@gmail.com','2024-07-13 05:33:00.585000',_binary '','https://wetalk.ibme.edu.vn/upload/hust-app//0821_con%20ong.mp4',1355),(1312,'truong8dt@gmail.com','2024-07-15 15:56:28.852000','truong8dt@gmail.com','2024-07-15 15:56:28.852000',_binary '',NULL,1372),(1313,'truong8dt@gmail.com','2024-07-15 15:56:28.856000','truong8dt@gmail.com','2024-07-15 15:56:28.856000',_binary '',NULL,1373),(1314,'truong8dt@gmail.com','2024-07-15 15:56:28.860000','truong8dt@gmail.com','2024-07-15 15:56:28.860000',_binary '',NULL,1374),(1315,'truong8dt@gmail.com','2024-07-15 15:56:28.864000','truong8dt@gmail.com','2024-07-15 15:56:28.864000',_binary '',NULL,1375),(1316,'truong8dt@gmail.com','2024-07-15 15:56:28.868000','truong8dt@gmail.com','2024-07-15 15:56:28.868000',_binary '',NULL,1376),(1317,'truong8dt@gmail.com','2024-07-15 15:56:28.873000','truong8dt@gmail.com','2024-07-15 15:56:28.873000',_binary '',NULL,1377),(1318,'truong8dt@gmail.com','2024-07-15 15:56:28.877000','truong8dt@gmail.com','2024-07-15 15:56:28.877000',_binary '',NULL,1378),(1319,'truong8dt@gmail.com','2024-07-15 15:56:28.881000','truong8dt@gmail.com','2024-07-15 15:56:28.881000',_binary '',NULL,1379),(1320,'truong8dt@gmail.com','2024-07-15 15:56:28.884000','truong8dt@gmail.com','2024-07-15 15:56:28.884000',_binary '',NULL,1380),(1321,'truong8dt@gmail.com','2024-07-15 15:56:28.888000','truong8dt@gmail.com','2024-07-15 15:56:28.888000',_binary '',NULL,1381),(1322,'truong8dt@gmail.com','2024-07-15 15:56:28.892000','truong8dt@gmail.com','2024-07-15 15:56:28.892000',_binary '',NULL,1382),(1323,'truong8dt@gmail.com','2024-07-15 15:56:28.895000','truong8dt@gmail.com','2024-07-15 15:56:28.895000',_binary '',NULL,1383),(1324,'truong8dt@gmail.com','2024-07-15 15:56:28.899000','truong8dt@gmail.com','2024-07-15 15:56:28.899000',_binary '',NULL,1384),(1325,'truong8dt@gmail.com','2024-07-15 15:56:28.903000','truong8dt@gmail.com','2024-07-15 15:56:28.903000',_binary '',NULL,1385),(1326,'truong8dt@gmail.com','2024-07-15 15:56:28.906000','truong8dt@gmail.com','2024-07-15 15:56:28.906000',_binary '',NULL,1386),(1327,'truong8dt@gmail.com','2024-07-15 15:56:28.909000','truong8dt@gmail.com','2024-07-15 15:56:28.909000',_binary '',NULL,1387),(1328,'truong8dt@gmail.com','2024-07-15 15:56:28.913000','truong8dt@gmail.com','2024-07-15 15:56:28.913000',_binary '',NULL,1388),(1329,'truong8dt@gmail.com','2024-07-15 15:56:28.916000','truong8dt@gmail.com','2024-07-15 15:56:28.916000',_binary '',NULL,1389),(1330,'truong8dt@gmail.com','2024-07-15 15:56:28.920000','truong8dt@gmail.com','2024-07-15 15:56:28.920000',_binary '',NULL,1390),(1331,'truong8dt@gmail.com','2024-07-15 15:56:28.923000','truong8dt@gmail.com','2024-07-15 15:56:28.923000',_binary '',NULL,1391),(1332,'truong8dt@gmail.com','2024-07-15 15:56:28.926000','truong8dt@gmail.com','2024-07-15 15:56:28.926000',_binary '',NULL,1392),(1333,'truong8dt@gmail.com','2024-07-15 15:56:28.929000','truong8dt@gmail.com','2024-07-15 15:56:28.929000',_binary '',NULL,1393),(1334,'truong8dt@gmail.com','2024-07-15 15:56:28.933000','truong8dt@gmail.com','2024-07-15 15:56:28.933000',_binary '',NULL,1394),(1335,'truong8dt@gmail.com','2024-07-15 15:56:28.936000','truong8dt@gmail.com','2024-07-15 15:56:28.936000',_binary '',NULL,1395),(1336,'truong8dt@gmail.com','2024-07-15 15:56:28.940000','truong8dt@gmail.com','2024-07-15 15:56:28.940000',_binary '',NULL,1396),(1337,'truong8dt@gmail.com','2024-07-15 15:56:28.943000','truong8dt@gmail.com','2024-07-15 15:56:28.943000',_binary '',NULL,1397),(1338,'truong8dt@gmail.com','2024-07-15 15:59:59.561000','truong8dt@gmail.com','2024-07-15 15:59:59.561000',_binary '',NULL,1398),(1339,'truong8dt@gmail.com','2024-07-15 15:59:59.564000','truong8dt@gmail.com','2024-07-15 15:59:59.564000',_binary '',NULL,1399),(1340,'truong8dt@gmail.com','2024-07-15 15:59:59.567000','truong8dt@gmail.com','2024-07-15 15:59:59.567000',_binary '',NULL,1400),(1341,'truong8dt@gmail.com','2024-07-15 15:59:59.570000','truong8dt@gmail.com','2024-07-15 15:59:59.570000',_binary '',NULL,1401),(1342,'truong8dt@gmail.com','2024-07-15 15:59:59.573000','truong8dt@gmail.com','2024-07-15 15:59:59.573000',_binary '',NULL,1402),(1343,'truong8dt@gmail.com','2024-07-15 15:59:59.576000','truong8dt@gmail.com','2024-07-15 15:59:59.576000',_binary '',NULL,1403),(1344,'truong8dt@gmail.com','2024-07-15 15:59:59.579000','truong8dt@gmail.com','2024-07-15 15:59:59.579000',_binary '',NULL,1404),(1345,'admin@gmail.com','2024-07-16 03:58:18.401000','admin@gmail.com','2024-07-16 03:58:18.401000',_binary '',NULL,1405),(1346,'admin@gmail.com','2024-07-16 03:58:18.404000','admin@gmail.com','2024-07-16 03:58:18.404000',_binary '',NULL,1406),(1350,'admin@gmail.com','2024-07-21 06:36:01.023000','admin@gmail.com','2024-07-21 06:36:03.362000',_binary '','https://wetalk.ibme.edu.vn/upload/vocabularies//08_Thay-Son_1-200_10-11-12_0108___center_device11_signer08_center_ord1_2.mp4',1409),(1351,'admin@gmail.com','2024-07-21 06:36:49.617000','admin@gmail.com','2024-07-21 06:36:49.617000',_binary '\0','https://wetalk.ibme.edu.vn/upload/vocabularies//01_Co-Hien_1-100_1-2-3_0108___center_device02_signer01_center_ord1_2.mp4',1409),(1352,'admin@gmail.com','2024-07-21 06:37:18.179000','admin@gmail.com','2024-07-21 06:37:18.179000',_binary '\0','https://wetalk.ibme.edu.vn/upload/vocabularies//18_Tuoi_1-200_7-8-9_0119___center_device39_signer18_center_ord1_2.mp4',1409),(1353,'admin@gmail.com','2024-07-21 07:17:25.308000','admin@gmail.com','2024-07-21 07:17:28.474000',_binary '','https://wetalk.ibme.edu.vn/upload/vocabularies//785_sach_W02900.mp4',1213),(1354,'admin@gmail.com','2024-07-24 03:19:06.636000','admin@gmail.com','2024-07-24 03:19:06.636000',_binary '','https://wetalk.ibme.edu.vn/upload/hust-app//Ch%C3%A0o%20b%E1%BA%A1n%2C%20t%C3%AAn%20t%C3%B4i%20l%C3%A0%20An.mp4',1411),(1355,'admin@gmail.com','2024-07-24 03:19:32.780000','admin@gmail.com','2024-07-24 03:19:32.780000',_binary '','https://wetalk.ibme.edu.vn/upload/hust-app//Ch%C3%A0o%20b%E1%BA%A1n%2C%20t%C3%AAn%20t%C3%B4i%20l%C3%A0%20H%C3%A0.mp4',1412),(1356,'admin@gmail.com','2024-07-25 07:59:14.985000','admin@gmail.com','2024-07-25 07:59:17.158000',_binary '','https://wetalk.ibme.edu.vn/upload/vocabularies//0030_vui%20m%E1%BB%ABng.mp4',1181),(1357,'admin@gmail.com','2024-07-25 08:31:55.740000','admin@gmail.com','2024-07-25 08:31:55.740000',_binary '\0','https://wetalk.ibme.edu.vn/upload/vocabularies//0003_%C3%B4ng%20b%C3%A0.mp4',1409);
/*!40000 ALTER TABLE `vocabulary_video` ENABLE KEYS */;
UNLOCK TABLES;
/*!40103 SET TIME_ZONE=@OLD_TIME_ZONE */;

/*!40101 SET SQL_MODE=@OLD_SQL_MODE */;
/*!40014 SET FOREIGN_KEY_CHECKS=@OLD_FOREIGN_KEY_CHECKS */;
/*!40014 SET UNIQUE_CHECKS=@OLD_UNIQUE_CHECKS */;
/*!40101 SET CHARACTER_SET_CLIENT=@OLD_CHARACTER_SET_CLIENT */;
/*!40101 SET CHARACTER_SET_RESULTS=@OLD_CHARACTER_SET_RESULTS */;
/*!40101 SET COLLATION_CONNECTION=@OLD_COLLATION_CONNECTION */;
/*!40111 SET SQL_NOTES=@OLD_SQL_NOTES */;

-- Dump completed on 2024-08-13 13:31:35
